tabla,tipo,decision,modulos,modos,dependencias,requerida_por,referencias
adq.articulo,r,conservar_uso,Adquisiciones,"lectura_modelo | lectura_join | escritura | lectura/referencia | escritura_modelo | escritura_instancia_modelo | declaracion_modelo | relacion_modelo","adq.iva | adq.catalogo_inventario",,"backend/app/Http/Controllers/Adquisiciones/AdqDashboardController.php:22 [lectura_modelo] | backend/app/Http/Controllers/Adquisiciones/AjusteController.php:18 [lectura_join] | backend/app/Http/Controllers/Adquisiciones/AjusteController.php:75 [escritura] | backend/app/Http/Controllers/Adquisiciones/AjusteController.php:109 [lectura/referencia] | backend/app/Http/Controllers/Adquisiciones/AjusteController.php:149 [lectura/referencia] | backend/app/Http/Controllers/Adquisiciones/AjusteController.php:197 [escritura] | backend/app/Http/Controllers/Adquisiciones/AjusteController.php:60 [lectura_modelo] | backend/app/Http/Controllers/Adquisiciones/ArticuloController.php:20 [lectura_modelo] | backend/app/Http/Controllers/Adquisiciones/ArticuloController.php:59 [escritura_modelo] | backend/app/Http/Controllers/Adquisiciones/ArticuloController.php:69 [lectura_modelo] | backend/app/Http/Controllers/Adquisiciones/ArticuloController.php:75 [lectura_modelo] | backend/app/Http/Controllers/Adquisiciones/ArticuloController.php:104 [lectura_modelo] | backend/app/Http/Controllers/Adquisiciones/ArticuloController.php:119 [escritura_modelo] | backend/app/Http/Controllers/Adquisiciones/ArticuloController.php:130 [lectura_modelo] | backend/app/Http/Controllers/Adquisiciones/ArticuloController.php:92 [escritura_instancia_modelo] | backend/app/Http/Controllers/Adquisiciones/ArticuloController.php:111 [escritura_instancia_modelo] | backend/app/Http/Controllers/Adquisiciones/ArticuloController.php:92 [escritura_instancia_modelo] | backend/app/Http/Controllers/Adquisiciones/ArticuloController.php:111 [escritura_instancia_modelo] | backend/app/Http/Controllers/Adquisiciones/ArticuloController.php:92 [escritura_instancia_modelo] | backend/app/Http/Controllers/Adquisiciones/ArticuloController.php:111 [escritura_instancia_modelo] | backend/app/Http/Controllers/Adquisiciones/CatalogoInventarioController.php:84 [lectura/referencia] | backend/app/Http/Controllers/Adquisiciones/EgresoController.php:168 [escritura] | backend/app/Http/Controllers/Adquisiciones/EgresoController.php:244 [escritura] | backend/app/Http/Controllers/Adquisiciones/EgresoController.php:122 [lectura_modelo] | backend/app/Http/Controllers/Adquisiciones/EgresoController.php:135 [lectura_modelo] | backend/app/Http/Controllers/Adquisiciones/EgresoController.php:234 [lectura_modelo] | backend/app/Http/Controllers/Adquisiciones/EgresoController.php:357 [lectura_modelo] | backend/app/Http/Controllers/Adquisiciones/OrdenCompraController.php:179 [escritura] | backend/app/Http/Controllers/Adquisiciones/OrdenCompraController.php:192 [escritura] | backend/app/Http/Controllers/Adquisiciones/OrdenCompraController.php:280 [escritura] | backend/app/Http/Controllers/Adquisiciones/OrdenCompraController.php:383 [escritura] | backend/app/Http/Controllers/Adquisiciones/OrdenCompraController.php:462 [escritura] | backend/app/Http/Controllers/Adquisiciones/OrdenCompraController.php:166 [lectura_modelo] | backend/app/Http/Controllers/Adquisiciones/OrdenCompraController.php:269 [lectura_modelo] | backend/app/Http/Controllers/Adquisiciones/OrdenCompraController.php:345 [lectura_modelo] | backend/app/Http/Controllers/Adquisiciones/OrdenCompraController.php:454 [lectura_modelo] | backend/app/Http/Controllers/Adquisiciones/ReporteAdqController.php:31 [lectura/referencia] | backend/app/Http/Controllers/Adquisiciones/ReporteAdqController.php:233 [lectura_join] | backend/app/Http/Controllers/Adquisiciones/ReporteAdqController.php:285 [lectura_join] | backend/app/Http/Controllers/Adquisiciones/ReporteAdqController.php:314 [lectura/referencia] | backend/app/Http/Controllers/Adquisiciones/ReporteAdqController.php:323 [lectura_join] | backend/app/Http/Controllers/Adquisiciones/ReporteAdqController.php:511 [lectura/referencia] | backend/app/Http/Controllers/Adquisiciones/ReporteAdqController.php:663 [lectura/referencia] | backend/app/Http/Controllers/Adquisiciones/ReporteAdqController.php:718 [lectura_join] | backend/app/Http/Controllers/Adquisiciones/SolicitudMaterialController.php:227 [lectura/referencia] | backend/app/Http/Controllers/Adquisiciones/SolicitudMaterialController.php:250 [lectura/referencia] | backend/app/Http/Controllers/Adquisiciones/SolicitudMaterialController.php:256 [escritura] | backend/app/Models/Adq/Articulo.php:9 [declaracion_modelo] | backend/app/Models/Adq/EgresoDet.php:18 [relacion_modelo] | backend/app/Models/Adq/OrdenCompraDet.php:18 [relacion_modelo] | backend/app/Models/Adq/SolicitudMaterialDet.php:16 [relacion_modelo] | backend/database/seeders/ArticulosSeeder.php:44 [lectura/referencia] | backend/database/seeders/ArticulosSeeder.php:89 [escritura]"
adq.catalogo_inventario,r,conservar_uso,"Adquisiciones | Export original","lectura/referencia | escritura | lectura_join | export_original",adq.catalogo_nivel1,,"backend/app/Http/Controllers/Adquisiciones/ArticuloController.php:54 [lectura/referencia] | backend/app/Http/Controllers/Adquisiciones/ArticuloController.php:87 [lectura/referencia] | backend/app/Http/Controllers/Adquisiciones/ArticuloController.php:145 [lectura/referencia] | backend/app/Http/Controllers/Adquisiciones/CatalogoInventarioController.php:18 [lectura/referencia] | backend/app/Http/Controllers/Adquisiciones/CatalogoInventarioController.php:19 [lectura/referencia] | backend/app/Http/Controllers/Adquisiciones/CatalogoInventarioController.php:21 [lectura/referencia] | backend/app/Http/Controllers/Adquisiciones/CatalogoInventarioController.php:22 [lectura/referencia] | backend/app/Http/Controllers/Adquisiciones/CatalogoInventarioController.php:23 [lectura/referencia] | backend/app/Http/Controllers/Adquisiciones/CatalogoInventarioController.php:24 [lectura/referencia] | backend/app/Http/Controllers/Adquisiciones/CatalogoInventarioController.php:30 [lectura/referencia] | backend/app/Http/Controllers/Adquisiciones/CatalogoInventarioController.php:31 [lectura/referencia] | backend/app/Http/Controllers/Adquisiciones/CatalogoInventarioController.php:35 [lectura/referencia] | backend/app/Http/Controllers/Adquisiciones/CatalogoInventarioController.php:39 [lectura/referencia] | backend/app/Http/Controllers/Adquisiciones/CatalogoInventarioController.php:53 [escritura] | backend/app/Http/Controllers/Adquisiciones/CatalogoInventarioController.php:72 [escritura] | backend/app/Http/Controllers/Adquisiciones/CatalogoInventarioController.php:88 [escritura] | backend/app/Http/Controllers/Adquisiciones/ReporteAdqController.php:286 [lectura_join] | backend/app/Http/Controllers/Adquisiciones/ReporteAdqController.php:315 [lectura/referencia] | backend/app/Http/Controllers/Adquisiciones/ReporteAdqController.php:324 [lectura_join] | backend/app/Http/Controllers/Adquisiciones/ReporteAdqController.php:365 [lectura/referencia] | backend/database/seeders/ArticulosSeeder.php:77 [lectura/referencia] | docs/tablas-datos-base-original.txt:1 [export_original]"
adq.catalogo_nivel1,r,conservar_uso,"Adquisiciones | Export original","lectura_join | lectura/referencia | export_original",,,"backend/app/Http/Controllers/Adquisiciones/CatalogoInventarioController.php:19 [lectura_join] | backend/app/Http/Controllers/Adquisiciones/CatalogoInventarioController.php:19 [lectura/referencia] | backend/app/Http/Controllers/Adquisiciones/CatalogoInventarioController.php:25 [lectura/referencia] | backend/app/Http/Controllers/Adquisiciones/CatalogoInventarioController.php:95 [lectura/referencia] | backend/app/Http/Controllers/Adquisiciones/ReporteAdqController.php:368 [lectura/referencia] | backend/app/Http/Controllers/Adquisiciones/ReporteAdqController.php:512 [lectura_join] | docs/tablas-datos-base-original.txt:2 [export_original]"
adq.configuracion,r,conservar_uso,"Adquisiciones | Export original","lectura/referencia | escritura | declaracion_modelo | export_original",,,"backend/app/Http/Controllers/Adquisiciones/AdqDashboardController.php:18 [lectura/referencia] | backend/app/Http/Controllers/Adquisiciones/ArticuloController.php:16 [lectura/referencia] | backend/app/Http/Controllers/Adquisiciones/ArticuloController.php:126 [lectura/referencia] | backend/app/Http/Controllers/Adquisiciones/ArticuloController.php:159 [lectura/referencia] | backend/app/Http/Controllers/Adquisiciones/ArticuloController.php:170 [escritura] | backend/app/Models/Adq/Articulo.php:25 [declaracion_modelo] | docs/tablas-datos-base-original.txt:3 [export_original]"
adq.egreso,r,conservar_uso,Adquisiciones,"lectura/referencia | lectura_modelo | escritura_modelo | escritura_instancia_modelo | escritura | declaracion_modelo",,,"backend/app/Http/Controllers/Adquisiciones/EgresoController.php:42 [lectura/referencia] | backend/app/Http/Controllers/Adquisiciones/EgresoController.php:209 [lectura/referencia] | backend/app/Http/Controllers/Adquisiciones/EgresoController.php:285 [lectura/referencia] | backend/app/Http/Controllers/Adquisiciones/EgresoController.php:21 [lectura_modelo] | backend/app/Http/Controllers/Adquisiciones/EgresoController.php:47 [escritura_modelo] | backend/app/Http/Controllers/Adquisiciones/EgresoController.php:71 [lectura_modelo] | backend/app/Http/Controllers/Adquisiciones/EgresoController.php:77 [lectura_modelo] | backend/app/Http/Controllers/Adquisiciones/EgresoController.php:115 [lectura_modelo] | backend/app/Http/Controllers/Adquisiciones/EgresoController.php:220 [lectura_modelo] | backend/app/Http/Controllers/Adquisiciones/EgresoController.php:296 [lectura_modelo] | backend/app/Http/Controllers/Adquisiciones/EgresoController.php:308 [lectura_modelo] | backend/app/Http/Controllers/Adquisiciones/EgresoController.php:94 [escritura_instancia_modelo] | backend/app/Http/Controllers/Adquisiciones/EgresoController.php:199 [escritura_instancia_modelo] | backend/app/Http/Controllers/Adquisiciones/EgresoController.php:275 [escritura_instancia_modelo] | backend/app/Http/Controllers/Adquisiciones/EgresoController.php:312 [escritura_instancia_modelo] | backend/app/Http/Controllers/Adquisiciones/EgresoController.php:94 [escritura_instancia_modelo] | backend/app/Http/Controllers/Adquisiciones/EgresoController.php:199 [escritura_instancia_modelo] | backend/app/Http/Controllers/Adquisiciones/EgresoController.php:275 [escritura_instancia_modelo] | backend/app/Http/Controllers/Adquisiciones/EgresoController.php:312 [escritura_instancia_modelo] | backend/app/Http/Controllers/Adquisiciones/EgresoController.php:94 [escritura_instancia_modelo] | backend/app/Http/Controllers/Adquisiciones/EgresoController.php:199 [escritura_instancia_modelo] | backend/app/Http/Controllers/Adquisiciones/EgresoController.php:275 [escritura_instancia_modelo] | backend/app/Http/Controllers/Adquisiciones/EgresoController.php:312 [escritura_instancia_modelo] | backend/app/Http/Controllers/Adquisiciones/EgresoController.php:94 [escritura_instancia_modelo] | backend/app/Http/Controllers/Adquisiciones/EgresoController.php:199 [escritura_instancia_modelo] | backend/app/Http/Controllers/Adquisiciones/EgresoController.php:275 [escritura_instancia_modelo] | backend/app/Http/Controllers/Adquisiciones/EgresoController.php:312 [escritura_instancia_modelo] | backend/app/Http/Controllers/Adquisiciones/EgresoController.php:94 [escritura_instancia_modelo] | backend/app/Http/Controllers/Adquisiciones/EgresoController.php:199 [escritura_instancia_modelo] | backend/app/Http/Controllers/Adquisiciones/EgresoController.php:275 [escritura_instancia_modelo] | backend/app/Http/Controllers/Adquisiciones/EgresoController.php:312 [escritura_instancia_modelo] | backend/app/Http/Controllers/Adquisiciones/EgresoController.php:94 [escritura_instancia_modelo] | backend/app/Http/Controllers/Adquisiciones/EgresoController.php:199 [escritura_instancia_modelo] | backend/app/Http/Controllers/Adquisiciones/EgresoController.php:275 [escritura_instancia_modelo] | backend/app/Http/Controllers/Adquisiciones/EgresoController.php:312 [escritura_instancia_modelo] | backend/app/Http/Controllers/Adquisiciones/OrdenCompraController.php:321 [lectura/referencia] | backend/app/Http/Controllers/Adquisiciones/OrdenCompraController.php:325 [escritura] | backend/app/Http/Controllers/Adquisiciones/OrdenCompraController.php:414 [escritura] | backend/app/Http/Controllers/Adquisiciones/ReporteAdqController.php:231 [lectura/referencia] | backend/app/Models/Adq/Egreso.php:8 [declaracion_modelo]"
adq.egreso_det,r,conservar_uso,Adquisiciones,"escritura | escritura_modelo | lectura_join | relacion_modelo | declaracion_modelo","adq.articulo | adq.egreso | adq.iva",,"backend/app/Http/Controllers/Adquisiciones/EgresoController.php:153 [escritura] | backend/app/Http/Controllers/Adquisiciones/EgresoController.php:62 [escritura_modelo] | backend/app/Http/Controllers/Adquisiciones/EgresoController.php:106 [escritura_modelo] | backend/app/Http/Controllers/Adquisiciones/OrdenCompraController.php:364 [escritura] | backend/app/Http/Controllers/Adquisiciones/ReporteAdqController.php:232 [lectura_join] | backend/app/Models/Adq/Egreso.php:19 [relacion_modelo] | backend/app/Models/Adq/EgresoDet.php:8 [declaracion_modelo]"
adq.iva,r,conservar_uso,"Adquisiciones | Export original","lectura_modelo | escritura_modelo | escritura_instancia_modelo | relacion_modelo | declaracion_modelo | lectura/referencia | export_original",,,"backend/app/Http/Controllers/Adquisiciones/EgresoController.php:140 [lectura_modelo] | backend/app/Http/Controllers/Adquisiciones/EgresoController.php:363 [lectura_modelo] | backend/app/Http/Controllers/Adquisiciones/IvaController.php:16 [lectura_modelo] | backend/app/Http/Controllers/Adquisiciones/IvaController.php:27 [escritura_modelo] | backend/app/Http/Controllers/Adquisiciones/IvaController.php:44 [lectura_modelo] | backend/app/Http/Controllers/Adquisiciones/IvaController.php:56 [lectura_modelo] | backend/app/Http/Controllers/Adquisiciones/IvaController.php:45 [escritura_instancia_modelo] | backend/app/Http/Controllers/Adquisiciones/IvaController.php:57 [escritura_instancia_modelo] | backend/app/Http/Controllers/Adquisiciones/IvaController.php:45 [escritura_instancia_modelo] | backend/app/Http/Controllers/Adquisiciones/IvaController.php:57 [escritura_instancia_modelo] | backend/app/Http/Controllers/Adquisiciones/IvaController.php:45 [escritura_instancia_modelo] | backend/app/Http/Controllers/Adquisiciones/IvaController.php:57 [escritura_instancia_modelo] | backend/app/Http/Controllers/Adquisiciones/OrdenCompraController.php:351 [lectura_modelo] | backend/app/Http/Controllers/Adquisiciones/OrdenCompraController.php:546 [lectura_modelo] | backend/app/Models/Adq/Articulo.php:20 [relacion_modelo] | backend/app/Models/Adq/Iva.php:8 [declaracion_modelo] | backend/app/Models/Adq/OrdenCompraDet.php:23 [relacion_modelo] | backend/database/seeders/ArticulosSeeder.php:12 [lectura/referencia] | backend/database/seeders/ArticulosSeeder.php:13 [lectura/referencia] | docs/tablas-datos-base-original.txt:4 [export_original]"
adq.kardex,r,conservar_uso,Adquisiciones,"lectura/referencia | escritura | declaracion_modelo",adq.articulo,,"backend/app/Http/Controllers/Adquisiciones/AjusteController.php:17 [lectura/referencia] | backend/app/Http/Controllers/Adquisiciones/AjusteController.php:82 [escritura] | backend/app/Http/Controllers/Adquisiciones/AjusteController.php:171 [escritura] | backend/app/Http/Controllers/Adquisiciones/EgresoController.php:174 [escritura] | backend/app/Http/Controllers/Adquisiciones/EgresoController.php:250 [escritura] | backend/app/Http/Controllers/Adquisiciones/OrdenCompraController.php:202 [escritura] | backend/app/Http/Controllers/Adquisiciones/OrdenCompraController.php:289 [escritura] | backend/app/Http/Controllers/Adquisiciones/OrdenCompraController.php:389 [escritura] | backend/app/Http/Controllers/Adquisiciones/OrdenCompraController.php:470 [escritura] | backend/app/Http/Controllers/Adquisiciones/ReporteAdqController.php:38 [lectura/referencia] | backend/app/Http/Controllers/Adquisiciones/ReporteAdqController.php:284 [lectura/referencia] | backend/app/Http/Controllers/Adquisiciones/ReporteAdqController.php:309 [lectura/referencia] | backend/app/Http/Controllers/Adquisiciones/ReporteAdqController.php:322 [lectura/referencia] | backend/app/Http/Controllers/Adquisiciones/SolicitudMaterialController.php:264 [escritura] | backend/app/Models/Adq/Kardex.php:8 [declaracion_modelo]"
adq.orden_compra,r,conservar_uso,Adquisiciones,"lectura_modelo | lectura/referencia | escritura_modelo | escritura_instancia_modelo | lectura_join | declaracion_modelo | relacion_modelo",adq.proveedor,,"backend/app/Http/Controllers/Adquisiciones/AdqDashboardController.php:33 [lectura_modelo] | backend/app/Http/Controllers/Adquisiciones/AdqDashboardController.php:34 [lectura_modelo] | backend/app/Http/Controllers/Adquisiciones/OrdenCompraController.php:56 [lectura/referencia] | backend/app/Http/Controllers/Adquisiciones/OrdenCompraController.php:234 [lectura/referencia] | backend/app/Http/Controllers/Adquisiciones/OrdenCompraController.php:425 [lectura/referencia] | backend/app/Http/Controllers/Adquisiciones/OrdenCompraController.php:505 [lectura/referencia] | backend/app/Http/Controllers/Adquisiciones/OrdenCompraController.php:21 [lectura_modelo] | backend/app/Http/Controllers/Adquisiciones/OrdenCompraController.php:67 [escritura_modelo] | backend/app/Http/Controllers/Adquisiciones/OrdenCompraController.php:96 [lectura_modelo] | backend/app/Http/Controllers/Adquisiciones/OrdenCompraController.php:102 [lectura_modelo] | backend/app/Http/Controllers/Adquisiciones/OrdenCompraController.php:157 [lectura_modelo] | backend/app/Http/Controllers/Adquisiciones/OrdenCompraController.php:245 [lectura_modelo] | backend/app/Http/Controllers/Adquisiciones/OrdenCompraController.php:440 [lectura_modelo] | backend/app/Http/Controllers/Adquisiciones/OrdenCompraController.php:516 [lectura_modelo] | backend/app/Http/Controllers/Adquisiciones/OrdenCompraController.php:528 [lectura_modelo] | backend/app/Http/Controllers/Adquisiciones/OrdenCompraController.php:132 [escritura_instancia_modelo] | backend/app/Http/Controllers/Adquisiciones/OrdenCompraController.php:227 [escritura_instancia_modelo] | backend/app/Http/Controllers/Adquisiciones/OrdenCompraController.php:314 [escritura_instancia_modelo] | backend/app/Http/Controllers/Adquisiciones/OrdenCompraController.php:495 [escritura_instancia_modelo] | backend/app/Http/Controllers/Adquisiciones/OrdenCompraController.php:532 [escritura_instancia_modelo] | backend/app/Http/Controllers/Adquisiciones/OrdenCompraController.php:132 [escritura_instancia_modelo] | backend/app/Http/Controllers/Adquisiciones/OrdenCompraController.php:227 [escritura_instancia_modelo] | backend/app/Http/Controllers/Adquisiciones/OrdenCompraController.php:314 [escritura_instancia_modelo] | backend/app/Http/Controllers/Adquisiciones/OrdenCompraController.php:495 [escritura_instancia_modelo] | backend/app/Http/Controllers/Adquisiciones/OrdenCompraController.php:532 [escritura_instancia_modelo] | backend/app/Http/Controllers/Adquisiciones/OrdenCompraController.php:132 [escritura_instancia_modelo] | backend/app/Http/Controllers/Adquisiciones/OrdenCompraController.php:227 [escritura_instancia_modelo] | backend/app/Http/Controllers/Adquisiciones/OrdenCompraController.php:314 [escritura_instancia_modelo] | backend/app/Http/Controllers/Adquisiciones/OrdenCompraController.php:495 [escritura_instancia_modelo] | backend/app/Http/Controllers/Adquisiciones/OrdenCompraController.php:532 [escritura_instancia_modelo] | backend/app/Http/Controllers/Adquisiciones/OrdenCompraController.php:132 [escritura_instancia_modelo] | backend/app/Http/Controllers/Adquisiciones/OrdenCompraController.php:227 [escritura_instancia_modelo] | backend/app/Http/Controllers/Adquisiciones/OrdenCompraController.php:314 [escritura_instancia_modelo] | backend/app/Http/Controllers/Adquisiciones/OrdenCompraController.php:495 [escritura_instancia_modelo] | backend/app/Http/Controllers/Adquisiciones/OrdenCompraController.php:532 [escritura_instancia_modelo] | backend/app/Http/Controllers/Adquisiciones/OrdenCompraController.php:132 [escritura_instancia_modelo] | backend/app/Http/Controllers/Adquisiciones/OrdenCompraController.php:227 [escritura_instancia_modelo] | backend/app/Http/Controllers/Adquisiciones/OrdenCompraController.php:314 [escritura_instancia_modelo] | backend/app/Http/Controllers/Adquisiciones/OrdenCompraController.php:495 [escritura_instancia_modelo] | backend/app/Http/Controllers/Adquisiciones/OrdenCompraController.php:532 [escritura_instancia_modelo] | backend/app/Http/Controllers/Adquisiciones/OrdenCompraController.php:132 [escritura_instancia_modelo] | backend/app/Http/Controllers/Adquisiciones/OrdenCompraController.php:227 [escritura_instancia_modelo] | backend/app/Http/Controllers/Adquisiciones/OrdenCompraController.php:314 [escritura_instancia_modelo] | backend/app/Http/Controllers/Adquisiciones/OrdenCompraController.php:495 [escritura_instancia_modelo] | backend/app/Http/Controllers/Adquisiciones/OrdenCompraController.php:532 [escritura_instancia_modelo] | backend/app/Http/Controllers/Adquisiciones/OrdenCompraController.php:132 [escritura_instancia_modelo] | backend/app/Http/Controllers/Adquisiciones/OrdenCompraController.php:227 [escritura_instancia_modelo] | backend/app/Http/Controllers/Adquisiciones/OrdenCompraController.php:314 [escritura_instancia_modelo] | backend/app/Http/Controllers/Adquisiciones/OrdenCompraController.php:495 [escritura_instancia_modelo] | backend/app/Http/Controllers/Adquisiciones/OrdenCompraController.php:532 [escritura_instancia_modelo] | backend/app/Http/Controllers/Adquisiciones/ReporteAdqController.php:180 [lectura/referencia] | backend/app/Http/Controllers/Adquisiciones/ReporteAdqController.php:325 [lectura_join] | backend/app/Http/Controllers/Adquisiciones/ReporteAdqController.php:688 [lectura/referencia] | backend/app/Models/Adq/OrdenCompra.php:8 [declaracion_modelo] | backend/app/Models/Adq/Proveedor.php:22 [relacion_modelo]"
adq.orden_compra_det,r,conservar_uso,Adquisiciones,"escritura | escritura_modelo | relacion_modelo | declaracion_modelo","adq.articulo | adq.orden_compra | adq.iva",,"backend/app/Http/Controllers/Adquisiciones/OrdenCompraController.php:172 [escritura] | backend/app/Http/Controllers/Adquisiciones/OrdenCompraController.php:274 [escritura] | backend/app/Http/Controllers/Adquisiciones/OrdenCompraController.php:87 [escritura_modelo] | backend/app/Http/Controllers/Adquisiciones/OrdenCompraController.php:148 [escritura_modelo] | backend/app/Models/Adq/OrdenCompra.php:27 [relacion_modelo] | backend/app/Models/Adq/OrdenCompraDet.php:8 [declaracion_modelo]"
adq.proceso_contratacion,r,conservar_uso,"Adquisiciones | Export original","lectura/referencia | escritura | export_original",,,"backend/app/Http/Controllers/Adquisiciones/OrdenCompraController.php:39 [lectura/referencia] | backend/app/Http/Controllers/Adquisiciones/OrdenCompraController.php:111 [lectura/referencia] | backend/app/Http/Controllers/Adquisiciones/ProcesoContratacionController.php:15 [lectura/referencia] | backend/app/Http/Controllers/Adquisiciones/ProcesoContratacionController.php:22 [lectura/referencia] | backend/app/Http/Controllers/Adquisiciones/ProcesoContratacionController.php:32 [lectura/referencia] | backend/app/Http/Controllers/Adquisiciones/ProcesoContratacionController.php:36 [escritura] | backend/app/Http/Controllers/Adquisiciones/ProcesoContratacionController.php:37 [lectura/referencia] | backend/app/Http/Controllers/Adquisiciones/ProcesoContratacionController.php:46 [escritura] | backend/app/Http/Controllers/Adquisiciones/ProcesoContratacionController.php:47 [lectura/referencia] | backend/app/Http/Controllers/Adquisiciones/ProcesoContratacionController.php:53 [lectura/referencia] | backend/app/Http/Controllers/Adquisiciones/ProcesoContratacionController.php:54 [escritura] | backend/app/Http/Controllers/Adquisiciones/ProcesoContratacionController.php:55 [lectura/referencia] | docs/tablas-datos-base-original.txt:5 [export_original]"
adq.proveedor,r,conservar_uso,"Adquisiciones | Transportes","lectura_modelo | escritura_modelo | escritura_instancia_modelo | lectura_join | lectura/referencia | relacion_modelo | declaracion_modelo",,,"backend/app/Http/Controllers/Adquisiciones/ProveedorController.php:17 [lectura_modelo] | backend/app/Http/Controllers/Adquisiciones/ProveedorController.php:34 [escritura_modelo] | backend/app/Http/Controllers/Adquisiciones/ProveedorController.php:57 [lectura_modelo] | backend/app/Http/Controllers/Adquisiciones/ProveedorController.php:63 [lectura_modelo] | backend/app/Http/Controllers/Adquisiciones/ProveedorController.php:96 [lectura_modelo] | backend/app/Http/Controllers/Adquisiciones/ProveedorController.php:104 [lectura_modelo] | backend/app/Http/Controllers/Adquisiciones/ProveedorController.php:75 [escritura_instancia_modelo] | backend/app/Http/Controllers/Adquisiciones/ProveedorController.php:97 [escritura_instancia_modelo] | backend/app/Http/Controllers/Adquisiciones/ProveedorController.php:105 [escritura_instancia_modelo] | backend/app/Http/Controllers/Adquisiciones/ProveedorController.php:75 [escritura_instancia_modelo] | backend/app/Http/Controllers/Adquisiciones/ProveedorController.php:97 [escritura_instancia_modelo] | backend/app/Http/Controllers/Adquisiciones/ProveedorController.php:105 [escritura_instancia_modelo] | backend/app/Http/Controllers/Adquisiciones/ProveedorController.php:75 [escritura_instancia_modelo] | backend/app/Http/Controllers/Adquisiciones/ProveedorController.php:97 [escritura_instancia_modelo] | backend/app/Http/Controllers/Adquisiciones/ProveedorController.php:105 [escritura_instancia_modelo] | backend/app/Http/Controllers/Adquisiciones/ProveedorController.php:75 [escritura_instancia_modelo] | backend/app/Http/Controllers/Adquisiciones/ProveedorController.php:97 [escritura_instancia_modelo] | backend/app/Http/Controllers/Adquisiciones/ProveedorController.php:105 [escritura_instancia_modelo] | backend/app/Http/Controllers/Adquisiciones/ReporteAdqController.php:181 [lectura_join] | backend/app/Http/Controllers/Adquisiciones/ReporteAdqController.php:689 [lectura_join] | backend/app/Http/Controllers/Transporte/ReporteTransporteController.php:277 [lectura_join] | backend/app/Http/Controllers/Transporte/TallerController.php:53 [lectura/referencia] | backend/app/Http/Controllers/Transporte/TallerController.php:90 [lectura/referencia] | backend/app/Http/Controllers/Transporte/TallerController.php:16 [lectura_modelo] | backend/app/Http/Controllers/Transporte/TallerController.php:23 [lectura_modelo] | backend/app/Http/Controllers/Transporte/TallerController.php:41 [escritura_modelo] | backend/app/Http/Controllers/Transporte/TallerController.php:63 [lectura_modelo] | backend/app/Http/Controllers/Transporte/TallerController.php:78 [escritura_instancia_modelo] | backend/app/Http/Controllers/Transporte/TallerController.php:78 [escritura_instancia_modelo] | backend/app/Http/Controllers/TransporteController.php:290 [lectura_modelo] | backend/app/Models/Adq/OrdenCompra.php:22 [relacion_modelo] | backend/app/Models/Adq/Proveedor.php:8 [declaracion_modelo] | backend/app/Models/Adq/ProveedorCatalogo.php:16 [relacion_modelo] | backend/app/Models/Transporte/Mantenimiento.php:48 [relacion_modelo]"
adq.proveedor_catalogo,r,conservar_uso,Adquisiciones,"escritura_modelo | relacion_modelo | declaracion_modelo",adq.proveedor,,"backend/app/Http/Controllers/Adquisiciones/ProveedorController.php:43 [escritura_modelo] | backend/app/Http/Controllers/Adquisiciones/ProveedorController.php:80 [escritura_modelo] | backend/app/Http/Controllers/Adquisiciones/ProveedorController.php:82 [escritura_modelo] | backend/app/Models/Adq/Proveedor.php:17 [relacion_modelo] | backend/app/Models/Adq/ProveedorCatalogo.php:8 [declaracion_modelo]"
adq.solicitud_material,r,conservar_uso,"Adquisiciones | Talento Humano/administración/reportes","lectura_modelo | lectura/referencia | lectura_join | escritura_modelo | escritura_instancia_modelo | declaracion_modelo",dbo.ad_empleado,,"backend/app/Http/Controllers/Adquisiciones/AdqDashboardController.php:31 [lectura_modelo] | backend/app/Http/Controllers/Adquisiciones/AdqDashboardController.php:32 [lectura_modelo] | backend/app/Http/Controllers/Adquisiciones/ReporteAdqController.php:701 [lectura/referencia] | backend/app/Http/Controllers/Adquisiciones/ReporteAdqController.php:717 [lectura_join] | backend/app/Http/Controllers/Adquisiciones/SolicitudMaterialController.php:164 [lectura/referencia] | backend/app/Http/Controllers/Adquisiciones/SolicitudMaterialController.php:192 [lectura/referencia] | backend/app/Http/Controllers/Adquisiciones/SolicitudMaterialController.php:308 [lectura/referencia] | backend/app/Http/Controllers/Adquisiciones/SolicitudMaterialController.php:63 [lectura_modelo] | backend/app/Http/Controllers/Adquisiciones/SolicitudMaterialController.php:109 [escritura_modelo] | backend/app/Http/Controllers/Adquisiciones/SolicitudMaterialController.php:139 [lectura_modelo] | backend/app/Http/Controllers/Adquisiciones/SolicitudMaterialController.php:180 [lectura_modelo] | backend/app/Http/Controllers/Adquisiciones/SolicitudMaterialController.php:215 [lectura_modelo] | backend/app/Http/Controllers/Adquisiciones/SolicitudMaterialController.php:319 [lectura_modelo] | backend/app/Http/Controllers/Adquisiciones/SolicitudMaterialController.php:367 [lectura_modelo] | backend/app/Http/Controllers/Adquisiciones/SolicitudMaterialController.php:373 [lectura_modelo] | backend/app/Http/Controllers/Adquisiciones/SolicitudMaterialController.php:157 [escritura_instancia_modelo] | backend/app/Http/Controllers/Adquisiciones/SolicitudMaterialController.php:186 [escritura_instancia_modelo] | backend/app/Http/Controllers/Adquisiciones/SolicitudMaterialController.php:298 [escritura_instancia_modelo] | backend/app/Http/Controllers/Adquisiciones/SolicitudMaterialController.php:382 [escritura_instancia_modelo] | backend/app/Http/Controllers/Adquisiciones/SolicitudMaterialController.php:157 [escritura_instancia_modelo] | backend/app/Http/Controllers/Adquisiciones/SolicitudMaterialController.php:186 [escritura_instancia_modelo] | backend/app/Http/Controllers/Adquisiciones/SolicitudMaterialController.php:298 [escritura_instancia_modelo] | backend/app/Http/Controllers/Adquisiciones/SolicitudMaterialController.php:382 [escritura_instancia_modelo] | backend/app/Http/Controllers/Adquisiciones/SolicitudMaterialController.php:157 [escritura_instancia_modelo] | backend/app/Http/Controllers/Adquisiciones/SolicitudMaterialController.php:186 [escritura_instancia_modelo] | backend/app/Http/Controllers/Adquisiciones/SolicitudMaterialController.php:298 [escritura_instancia_modelo] | backend/app/Http/Controllers/Adquisiciones/SolicitudMaterialController.php:382 [escritura_instancia_modelo] | backend/app/Http/Controllers/Adquisiciones/SolicitudMaterialController.php:157 [escritura_instancia_modelo] | backend/app/Http/Controllers/Adquisiciones/SolicitudMaterialController.php:186 [escritura_instancia_modelo] | backend/app/Http/Controllers/Adquisiciones/SolicitudMaterialController.php:298 [escritura_instancia_modelo] | backend/app/Http/Controllers/Adquisiciones/SolicitudMaterialController.php:382 [escritura_instancia_modelo] | backend/app/Http/Controllers/Adquisiciones/SolicitudMaterialController.php:157 [escritura_instancia_modelo] | backend/app/Http/Controllers/Adquisiciones/SolicitudMaterialController.php:186 [escritura_instancia_modelo] | backend/app/Http/Controllers/Adquisiciones/SolicitudMaterialController.php:298 [escritura_instancia_modelo] | backend/app/Http/Controllers/Adquisiciones/SolicitudMaterialController.php:382 [escritura_instancia_modelo] | backend/app/Http/Controllers/Adquisiciones/SolicitudMaterialController.php:157 [escritura_instancia_modelo] | backend/app/Http/Controllers/Adquisiciones/SolicitudMaterialController.php:186 [escritura_instancia_modelo] | backend/app/Http/Controllers/Adquisiciones/SolicitudMaterialController.php:298 [escritura_instancia_modelo] | backend/app/Http/Controllers/Adquisiciones/SolicitudMaterialController.php:382 [escritura_instancia_modelo] | backend/app/Http/Controllers/DashboardController.php:164 [lectura/referencia] | backend/app/Http/Controllers/DashboardController.php:343 [lectura/referencia] | backend/app/Models/Adq/SolicitudMaterial.php:9 [declaracion_modelo]"
adq.solicitud_material_det,r,conservar_uso,Adquisiciones,"lectura_join | lectura/referencia | escritura | escritura_modelo | relacion_modelo | declaracion_modelo","adq.articulo | adq.solicitud_material",,"backend/app/Http/Controllers/Adquisiciones/ReporteAdqController.php:703 [lectura_join] | backend/app/Http/Controllers/Adquisiciones/ReporteAdqController.php:716 [lectura/referencia] | backend/app/Http/Controllers/Adquisiciones/SolicitudMaterialController.php:150 [escritura] | backend/app/Http/Controllers/Adquisiciones/SolicitudMaterialController.php:121 [escritura_modelo] | backend/app/Models/Adq/SolicitudMaterial.php:29 [relacion_modelo] | backend/app/Models/Adq/SolicitudMaterialDet.php:8 [declaracion_modelo]"
adq.unidad_medida,r,conservar_uso,"Adquisiciones | Export original","lectura/referencia | escritura | export_original",,,"backend/app/Http/Controllers/Adquisiciones/UnidadMedidaController.php:15 [lectura/referencia] | backend/app/Http/Controllers/Adquisiciones/UnidadMedidaController.php:29 [escritura] | backend/app/Http/Controllers/Adquisiciones/UnidadMedidaController.php:38 [lectura/referencia] | backend/app/Http/Controllers/Adquisiciones/UnidadMedidaController.php:51 [escritura] | backend/app/Http/Controllers/Adquisiciones/UnidadMedidaController.php:57 [lectura/referencia] | backend/app/Http/Controllers/Adquisiciones/UnidadMedidaController.php:63 [lectura/referencia] | backend/app/Http/Controllers/Adquisiciones/UnidadMedidaController.php:66 [escritura] | backend/app/Http/Controllers/Adquisiciones/UnidadMedidaController.php:71 [lectura/referencia] | docs/tablas-datos-base-original.txt:6 [export_original]"
dbo.acc_accion_personal,r,conservar_uso,"Talento Humano/administración/reportes","lectura/referencia | lectura_modelo | escritura_modelo | escritura_instancia_modelo | declaracion_modelo",,,"backend/app/Console/Commands/CerrarAccionesVencidas.php:34 [lectura/referencia] | backend/app/Console/Commands/CerrarAccionesVencidas.php:20 [lectura_modelo] | backend/app/Http/Controllers/AccionPersonalController.php:107 [lectura/referencia] | backend/app/Http/Controllers/AccionPersonalController.php:252 [lectura/referencia] | backend/app/Http/Controllers/AccionPersonalController.php:287 [lectura/referencia] | backend/app/Http/Controllers/AccionPersonalController.php:333 [lectura/referencia] | backend/app/Http/Controllers/AccionPersonalController.php:372 [lectura/referencia] | backend/app/Http/Controllers/AccionPersonalController.php:722 [lectura/referencia] | backend/app/Http/Controllers/AccionPersonalController.php:78 [lectura_modelo] | backend/app/Http/Controllers/AccionPersonalController.php:166 [lectura_modelo] | backend/app/Http/Controllers/AccionPersonalController.php:218 [escritura_modelo] | backend/app/Http/Controllers/AccionPersonalController.php:264 [lectura_modelo] | backend/app/Http/Controllers/AccionPersonalController.php:278 [lectura_modelo] | backend/app/Http/Controllers/AccionPersonalController.php:313 [lectura_modelo] | backend/app/Http/Controllers/AccionPersonalController.php:349 [lectura_modelo] | backend/app/Http/Controllers/AccionPersonalController.php:384 [lectura_modelo] | backend/app/Http/Controllers/AccionPersonalController.php:532 [lectura_modelo] | backend/app/Http/Controllers/AccionPersonalController.php:690 [lectura_modelo] | backend/app/Http/Controllers/AccionPersonalController.php:734 [lectura_modelo] | backend/app/Http/Controllers/AccionPersonalController.php:279 [escritura_instancia_modelo] | backend/app/Http/Controllers/AccionPersonalController.php:321 [escritura_instancia_modelo] | backend/app/Http/Controllers/AccionPersonalController.php:370 [escritura_instancia_modelo] | backend/app/Http/Controllers/AccionPersonalController.php:720 [escritura_instancia_modelo] | backend/app/Http/Controllers/AccionPersonalController.php:279 [escritura_instancia_modelo] | backend/app/Http/Controllers/AccionPersonalController.php:321 [escritura_instancia_modelo] | backend/app/Http/Controllers/AccionPersonalController.php:370 [escritura_instancia_modelo] | backend/app/Http/Controllers/AccionPersonalController.php:720 [escritura_instancia_modelo] | backend/app/Http/Controllers/AccionPersonalController.php:279 [escritura_instancia_modelo] | backend/app/Http/Controllers/AccionPersonalController.php:321 [escritura_instancia_modelo] | backend/app/Http/Controllers/AccionPersonalController.php:370 [escritura_instancia_modelo] | backend/app/Http/Controllers/AccionPersonalController.php:720 [escritura_instancia_modelo] | backend/app/Http/Controllers/AccionPersonalController.php:279 [escritura_instancia_modelo] | backend/app/Http/Controllers/AccionPersonalController.php:321 [escritura_instancia_modelo] | backend/app/Http/Controllers/AccionPersonalController.php:370 [escritura_instancia_modelo] | backend/app/Http/Controllers/AccionPersonalController.php:720 [escritura_instancia_modelo] | backend/app/Http/Controllers/AccionPersonalController.php:279 [escritura_instancia_modelo] | backend/app/Http/Controllers/AccionPersonalController.php:321 [escritura_instancia_modelo] | backend/app/Http/Controllers/AccionPersonalController.php:370 [escritura_instancia_modelo] | backend/app/Http/Controllers/AccionPersonalController.php:720 [escritura_instancia_modelo] | backend/app/Http/Controllers/AccionPersonalController.php:279 [escritura_instancia_modelo] | backend/app/Http/Controllers/AccionPersonalController.php:321 [escritura_instancia_modelo] | backend/app/Http/Controllers/AccionPersonalController.php:370 [escritura_instancia_modelo] | backend/app/Http/Controllers/AccionPersonalController.php:720 [escritura_instancia_modelo] | backend/app/Http/Controllers/AccionPersonalController.php:279 [escritura_instancia_modelo] | backend/app/Http/Controllers/AccionPersonalController.php:321 [escritura_instancia_modelo] | backend/app/Http/Controllers/AccionPersonalController.php:370 [escritura_instancia_modelo] | backend/app/Http/Controllers/AccionPersonalController.php:720 [escritura_instancia_modelo] | backend/app/Models/AccionPersonal.php:10 [declaracion_modelo]"
dbo.ad_departamento,r,conservar_uso,"Talento Humano/administración/reportes | Adquisiciones | Servicios/asistencia/autenticación | Nómina/horas extras | Permisos | Vacaciones | Export original","lectura/referencia | lectura_modelo | escritura_modelo | escritura_instancia_modelo | lectura_join | declaracion_modelo | relacion_modelo | export_original",dbo.ad_departamento,,"backend/app/Http/Controllers/Admin/DepartamentoController.php:54 [lectura/referencia] | backend/app/Http/Controllers/Admin/DepartamentoController.php:85 [lectura/referencia] | backend/app/Http/Controllers/Admin/DepartamentoController.php:114 [lectura/referencia] | backend/app/Http/Controllers/Admin/DepartamentoController.php:126 [lectura/referencia] | backend/app/Http/Controllers/Admin/DepartamentoController.php:15 [lectura_modelo] | backend/app/Http/Controllers/Admin/DepartamentoController.php:36 [lectura_modelo] | backend/app/Http/Controllers/Admin/DepartamentoController.php:42 [escritura_modelo] | backend/app/Http/Controllers/Admin/DepartamentoController.php:64 [lectura_modelo] | backend/app/Http/Controllers/Admin/DepartamentoController.php:95 [lectura_modelo] | backend/app/Http/Controllers/Admin/DepartamentoController.php:123 [lectura_modelo] | backend/app/Http/Controllers/Admin/DepartamentoController.php:77 [escritura_instancia_modelo] | backend/app/Http/Controllers/Admin/DepartamentoController.php:112 [escritura_instancia_modelo] | backend/app/Http/Controllers/Admin/DepartamentoController.php:124 [escritura_instancia_modelo] | backend/app/Http/Controllers/Admin/DepartamentoController.php:77 [escritura_instancia_modelo] | backend/app/Http/Controllers/Admin/DepartamentoController.php:112 [escritura_instancia_modelo] | backend/app/Http/Controllers/Admin/DepartamentoController.php:124 [escritura_instancia_modelo] | backend/app/Http/Controllers/Admin/DepartamentoController.php:77 [escritura_instancia_modelo] | backend/app/Http/Controllers/Admin/DepartamentoController.php:112 [escritura_instancia_modelo] | backend/app/Http/Controllers/Admin/DepartamentoController.php:124 [escritura_instancia_modelo] | backend/app/Http/Controllers/Admin/DepartamentoController.php:77 [escritura_instancia_modelo] | backend/app/Http/Controllers/Admin/DepartamentoController.php:112 [escritura_instancia_modelo] | backend/app/Http/Controllers/Admin/DepartamentoController.php:124 [escritura_instancia_modelo] | backend/app/Http/Controllers/Adquisiciones/EgresoController.php:319 [lectura/referencia] | backend/app/Http/Controllers/Adquisiciones/ReporteAdqController.php:702 [lectura_join] | backend/app/Http/Controllers/Adquisiciones/SolicitudMaterialController.php:79 [lectura/referencia] | backend/app/Http/Controllers/Adquisiciones/SolicitudMaterialController.php:345 [lectura/referencia] | backend/app/Http/Controllers/AsistenciaController.php:245 [lectura_join] | backend/app/Http/Controllers/Comisiones/ComisionController.php:108 [lectura_join] | backend/app/Http/Controllers/Comisiones/ComisionController.php:182 [lectura/referencia] | backend/app/Http/Controllers/Comisiones/ComisionController.php:261 [lectura/referencia] | backend/app/Http/Controllers/Comisiones/ComisionController.php:615 [lectura_join] | backend/app/Http/Controllers/Comisiones/ComisionController.php:658 [lectura/referencia] | backend/app/Http/Controllers/CuadreController.php:52 [lectura_join] | backend/app/Http/Controllers/DashboardController.php:29 [lectura/referencia] | backend/app/Http/Controllers/DashboardController.php:68 [lectura_join] | backend/app/Http/Controllers/DashboardController.php:81 [lectura/referencia] | backend/app/Http/Controllers/EmpleadoController.php:592 [lectura_modelo] | backend/app/Http/Controllers/HorasExtrasController.php:167 [lectura/referencia] | backend/app/Http/Controllers/ImportacionController.php:105 [lectura/referencia] | backend/app/Http/Controllers/ImportacionController.php:167 [lectura/referencia] | backend/app/Http/Controllers/LotaipController.php:20 [lectura_join] | backend/app/Http/Controllers/PermisosController.php:107 [lectura/referencia] | backend/app/Http/Controllers/PlanificacionVacController.php:52 [lectura/referencia] | backend/app/Http/Controllers/ReporteEmpleadosController.php:111 [lectura_join] | backend/app/Http/Controllers/ReportePlanificacionController.php:109 [lectura_modelo] | backend/app/Http/Controllers/ReportePlanificacionController.php:182 [lectura_modelo] | backend/app/Http/Controllers/ReporteVacacionesController.php:434 [lectura_modelo] | backend/app/Http/Controllers/ReportesController.php:27 [lectura_join] | backend/app/Http/Controllers/ReportesController.php:220 [lectura_join] | backend/app/Http/Controllers/ReportesController.php:412 [lectura_join] | backend/app/Http/Controllers/ReportesController.php:436 [lectura_join] | backend/app/Http/Controllers/ReportesController.php:461 [lectura_join] | backend/app/Http/Controllers/ReportesController.php:486 [lectura_join] | backend/app/Http/Controllers/RolPagoController.php:60 [lectura_join] | backend/app/Http/Controllers/RolPagoController.php:135 [lectura_join] | backend/app/Http/Controllers/SupervisorController.php:42 [lectura_modelo] | backend/app/Http/Controllers/SupervisorController.php:159 [lectura_modelo] | backend/app/Http/Controllers/SupervisorController.php:170 [lectura_modelo] | backend/app/Http/Controllers/VacacionesController.php:68 [lectura/referencia] | backend/app/Models/Departamento.php:9 [declaracion_modelo] | backend/app/Models/Empleado.php:64 [relacion_modelo] | backend/app/Models/Supervisor.php:23 [relacion_modelo] | docs/tablas-datos-base-original.txt:7 [export_original]"
dbo.ad_departamento_identif,r,retirar,"Export original",export_original,,,"docs/tablas-datos-base-original.txt:8 [export_original]"
dbo.ad_empleado,r,conservar_uso,"Servicios/asistencia/autenticación | Talento Humano/administración/reportes | Adquisiciones | Nómina/horas extras | Vacaciones | Permisos | Transportes | Comisiones | Tecnología | Framework/autenticación","lectura_modelo | lectura/referencia | lectura_join | escritura | escritura_modelo | escritura_instancia_modelo | relacion_modelo | declaracion_modelo","dbo.ad_departamento | dbo.d2_cab_prog | dbo.d2_jornada",,"backend/app/Console/Commands/ProcesarCuadre.php:45 [lectura_modelo] | backend/app/Http/Controllers/AccionPersonalController.php:194 [lectura_modelo] | backend/app/Http/Controllers/AccionPersonalController.php:386 [lectura_modelo] | backend/app/Http/Controllers/AccionPersonalController.php:563 [lectura_modelo] | backend/app/Http/Controllers/Admin/AuditoriaController.php:33 [lectura/referencia] | backend/app/Http/Controllers/Adquisiciones/EgresoController.php:331 [lectura/referencia] | backend/app/Http/Controllers/Adquisiciones/SolicitudMaterialController.php:34 [lectura/referencia] | backend/app/Http/Controllers/Adquisiciones/SolicitudMaterialController.php:334 [lectura/referencia] | backend/app/Http/Controllers/AsistenciaController.php:244 [lectura/referencia] | backend/app/Http/Controllers/AuthController.php:21 [lectura_modelo] | backend/app/Http/Controllers/CertificadoLaboralController.php:159 [lectura_modelo] | backend/app/Http/Controllers/Comisiones/ComisionController.php:107 [lectura_join] | backend/app/Http/Controllers/Comisiones/ComisionController.php:614 [lectura/referencia] | backend/app/Http/Controllers/Comisiones/FuncionarioExternoController.php:19 [lectura/referencia] | backend/app/Http/Controllers/Comisiones/FuncionarioExternoController.php:87 [escritura] | backend/app/Http/Controllers/Comisiones/FuncionarioExternoController.php:122 [lectura/referencia] | backend/app/Http/Controllers/Comisiones/FuncionarioExternoController.php:125 [escritura] | backend/app/Http/Controllers/Comisiones/FuncionarioExternoController.php:129 [escritura] | backend/app/Http/Controllers/Comisiones/FuncionarioExternoController.php:146 [lectura/referencia] | backend/app/Http/Controllers/Comisiones/LiquidacionController.php:193 [lectura/referencia] | backend/app/Http/Controllers/CuadreController.php:51 [lectura_join] | backend/app/Http/Controllers/DashboardController.php:62 [lectura/referencia] | backend/app/Http/Controllers/DashboardController.php:67 [lectura/referencia] | backend/app/Http/Controllers/DashboardController.php:89 [lectura_join] | backend/app/Http/Controllers/DashboardController.php:104 [lectura_join] | backend/app/Http/Controllers/DashboardController.php:195 [lectura_join] | backend/app/Http/Controllers/DashboardController.php:329 [lectura_join] | backend/app/Http/Controllers/DashboardController.php:335 [lectura_join] | backend/app/Http/Controllers/DashboardController.php:24 [lectura_modelo] | backend/app/Http/Controllers/EmpleadoController.php:213 [lectura/referencia] | backend/app/Http/Controllers/EmpleadoController.php:380 [lectura/referencia] | backend/app/Http/Controllers/EmpleadoController.php:419 [lectura/referencia] | backend/app/Http/Controllers/EmpleadoController.php:445 [lectura/referencia] | backend/app/Http/Controllers/EmpleadoController.php:470 [lectura/referencia] | backend/app/Http/Controllers/EmpleadoController.php:574 [lectura/referencia] | backend/app/Http/Controllers/EmpleadoController.php:23 [lectura_modelo] | backend/app/Http/Controllers/EmpleadoController.php:64 [lectura_modelo] | backend/app/Http/Controllers/EmpleadoController.php:131 [escritura_modelo] | backend/app/Http/Controllers/EmpleadoController.php:132 [lectura_modelo] | backend/app/Http/Controllers/EmpleadoController.php:203 [escritura_modelo] | backend/app/Http/Controllers/EmpleadoController.php:242 [lectura_modelo] | backend/app/Http/Controllers/EmpleadoController.php:373 [escritura_modelo] | backend/app/Http/Controllers/EmpleadoController.php:410 [lectura_modelo] | backend/app/Http/Controllers/EmpleadoController.php:441 [lectura_modelo] | backend/app/Http/Controllers/EmpleadoController.php:534 [lectura_modelo] | backend/app/Http/Controllers/EmpleadoController.php:599 [lectura_modelo] | backend/app/Http/Controllers/EmpleadoController.php:613 [lectura_modelo] | backend/app/Http/Controllers/EmpleadoController.php:629 [lectura_modelo] | backend/app/Http/Controllers/EmpleadoController.php:677 [lectura_modelo] | backend/app/Http/Controllers/EmpleadoController.php:734 [lectura_modelo] | backend/app/Http/Controllers/EmpleadoController.php:774 [lectura_modelo] | backend/app/Http/Controllers/EmpleadoController.php:791 [lectura_modelo] | backend/app/Http/Controllers/EmpleadoController.php:822 [lectura_modelo] | backend/app/Http/Controllers/EmpleadoController.php:173 [escritura_instancia_modelo] | backend/app/Http/Controllers/EmpleadoController.php:302 [escritura_instancia_modelo] | backend/app/Http/Controllers/EmpleadoController.php:417 [escritura_instancia_modelo] | backend/app/Http/Controllers/EmpleadoController.php:443 [escritura_instancia_modelo] | backend/app/Http/Controllers/EmpleadoController.php:468 [escritura_instancia_modelo] | backend/app/Http/Controllers/EmpleadoController.php:548 [escritura_instancia_modelo] | backend/app/Http/Controllers/EmpleadoController.php:620 [escritura_instancia_modelo] | backend/app/Http/Controllers/EmpleadoController.php:633 [escritura_instancia_modelo] | backend/app/Http/Controllers/EmpleadoController.php:756 [escritura_instancia_modelo] | backend/app/Http/Controllers/EmpleadoController.php:796 [escritura_instancia_modelo] | backend/app/Http/Controllers/EmpleadoController.php:173 [escritura_instancia_modelo] | backend/app/Http/Controllers/EmpleadoController.php:302 [escritura_instancia_modelo] | backend/app/Http/Controllers/EmpleadoController.php:417 [escritura_instancia_modelo] | backend/app/Http/Controllers/EmpleadoController.php:443 [escritura_instancia_modelo] | backend/app/Http/Controllers/EmpleadoController.php:468 [escritura_instancia_modelo] | backend/app/Http/Controllers/EmpleadoController.php:548 [escritura_instancia_modelo] | backend/app/Http/Controllers/EmpleadoController.php:620 [escritura_instancia_modelo] | backend/app/Http/Controllers/EmpleadoController.php:633 [escritura_instancia_modelo] | backend/app/Http/Controllers/EmpleadoController.php:756 [escritura_instancia_modelo] | backend/app/Http/Controllers/EmpleadoController.php:796 [escritura_instancia_modelo] | backend/app/Http/Controllers/EmpleadoController.php:173 [escritura_instancia_modelo] | backend/app/Http/Controllers/EmpleadoController.php:302 [escritura_instancia_modelo] | backend/app/Http/Controllers/EmpleadoController.php:417 [escritura_instancia_modelo] | backend/app/Http/Controllers/EmpleadoController.php:443 [escritura_instancia_modelo] | backend/app/Http/Controllers/EmpleadoController.php:468 [escritura_instancia_modelo] | backend/app/Http/Controllers/EmpleadoController.php:548 [escritura_instancia_modelo] | backend/app/Http/Controllers/EmpleadoController.php:620 [escritura_instancia_modelo] | backend/app/Http/Controllers/EmpleadoController.php:633 [escritura_instancia_modelo] | backend/app/Http/Controllers/EmpleadoController.php:756 [escritura_instancia_modelo] | backend/app/Http/Controllers/EmpleadoController.php:796 [escritura_instancia_modelo] | backend/app/Http/Controllers/EmpleadoController.php:173 [escritura_instancia_modelo] | backend/app/Http/Controllers/EmpleadoController.php:302 [escritura_instancia_modelo] | backend/app/Http/Controllers/EmpleadoController.php:417 [escritura_instancia_modelo] | backend/app/Http/Controllers/EmpleadoController.php:443 [escritura_instancia_modelo] | backend/app/Http/Controllers/EmpleadoController.php:468 [escritura_instancia_modelo] | backend/app/Http/Controllers/EmpleadoController.php:548 [escritura_instancia_modelo] | backend/app/Http/Controllers/EmpleadoController.php:620 [escritura_instancia_modelo] | backend/app/Http/Controllers/EmpleadoController.php:633 [escritura_instancia_modelo] | backend/app/Http/Controllers/EmpleadoController.php:756 [escritura_instancia_modelo] | backend/app/Http/Controllers/EmpleadoController.php:796 [escritura_instancia_modelo] | backend/app/Http/Controllers/EmpleadoController.php:173 [escritura_instancia_modelo] | backend/app/Http/Controllers/EmpleadoController.php:302 [escritura_instancia_modelo] | backend/app/Http/Controllers/EmpleadoController.php:417 [escritura_instancia_modelo] | backend/app/Http/Controllers/EmpleadoController.php:443 [escritura_instancia_modelo] | backend/app/Http/Controllers/EmpleadoController.php:468 [escritura_instancia_modelo] | backend/app/Http/Controllers/EmpleadoController.php:548 [escritura_instancia_modelo] | backend/app/Http/Controllers/EmpleadoController.php:620 [escritura_instancia_modelo] | backend/app/Http/Controllers/EmpleadoController.php:633 [escritura_instancia_modelo] | backend/app/Http/Controllers/EmpleadoController.php:756 [escritura_instancia_modelo] | backend/app/Http/Controllers/EmpleadoController.php:796 [escritura_instancia_modelo] | backend/app/Http/Controllers/EmpleadoController.php:173 [escritura_instancia_modelo] | backend/app/Http/Controllers/EmpleadoController.php:302 [escritura_instancia_modelo] | backend/app/Http/Controllers/EmpleadoController.php:417 [escritura_instancia_modelo] | backend/app/Http/Controllers/EmpleadoController.php:443 [escritura_instancia_modelo] | backend/app/Http/Controllers/EmpleadoController.php:468 [escritura_instancia_modelo] | backend/app/Http/Controllers/EmpleadoController.php:548 [escritura_instancia_modelo] | backend/app/Http/Controllers/EmpleadoController.php:620 [escritura_instancia_modelo] | backend/app/Http/Controllers/EmpleadoController.php:633 [escritura_instancia_modelo] | backend/app/Http/Controllers/EmpleadoController.php:756 [escritura_instancia_modelo] | backend/app/Http/Controllers/EmpleadoController.php:796 [escritura_instancia_modelo] | backend/app/Http/Controllers/EmpleadoController.php:173 [escritura_instancia_modelo] | backend/app/Http/Controllers/EmpleadoController.php:302 [escritura_instancia_modelo] | backend/app/Http/Controllers/EmpleadoController.php:417 [escritura_instancia_modelo] | backend/app/Http/Controllers/EmpleadoController.php:443 [escritura_instancia_modelo] | backend/app/Http/Controllers/EmpleadoController.php:468 [escritura_instancia_modelo] | backend/app/Http/Controllers/EmpleadoController.php:548 [escritura_instancia_modelo] | backend/app/Http/Controllers/EmpleadoController.php:620 [escritura_instancia_modelo] | backend/app/Http/Controllers/EmpleadoController.php:633 [escritura_instancia_modelo] | backend/app/Http/Controllers/EmpleadoController.php:756 [escritura_instancia_modelo] | backend/app/Http/Controllers/EmpleadoController.php:796 [escritura_instancia_modelo] | backend/app/Http/Controllers/EmpleadoController.php:173 [escritura_instancia_modelo] | backend/app/Http/Controllers/EmpleadoController.php:302 [escritura_instancia_modelo] | backend/app/Http/Controllers/EmpleadoController.php:417 [escritura_instancia_modelo] | backend/app/Http/Controllers/EmpleadoController.php:443 [escritura_instancia_modelo] | backend/app/Http/Controllers/EmpleadoController.php:468 [escritura_instancia_modelo] | backend/app/Http/Controllers/EmpleadoController.php:548 [escritura_instancia_modelo] | backend/app/Http/Controllers/EmpleadoController.php:620 [escritura_instancia_modelo] | backend/app/Http/Controllers/EmpleadoController.php:633 [escritura_instancia_modelo] | backend/app/Http/Controllers/EmpleadoController.php:756 [escritura_instancia_modelo] | backend/app/Http/Controllers/EmpleadoController.php:796 [escritura_instancia_modelo] | backend/app/Http/Controllers/EmpleadoController.php:173 [escritura_instancia_modelo] | backend/app/Http/Controllers/EmpleadoController.php:302 [escritura_instancia_modelo] | backend/app/Http/Controllers/EmpleadoController.php:417 [escritura_instancia_modelo] | backend/app/Http/Controllers/EmpleadoController.php:443 [escritura_instancia_modelo] | backend/app/Http/Controllers/EmpleadoController.php:468 [escritura_instancia_modelo] | backend/app/Http/Controllers/EmpleadoController.php:548 [escritura_instancia_modelo] | backend/app/Http/Controllers/EmpleadoController.php:620 [escritura_instancia_modelo] | backend/app/Http/Controllers/EmpleadoController.php:633 [escritura_instancia_modelo] | backend/app/Http/Controllers/EmpleadoController.php:756 [escritura_instancia_modelo] | backend/app/Http/Controllers/EmpleadoController.php:796 [escritura_instancia_modelo] | backend/app/Http/Controllers/EmpleadoController.php:173 [escritura_instancia_modelo] | backend/app/Http/Controllers/EmpleadoController.php:302 [escritura_instancia_modelo] | backend/app/Http/Controllers/EmpleadoController.php:417 [escritura_instancia_modelo] | backend/app/Http/Controllers/EmpleadoController.php:443 [escritura_instancia_modelo] | backend/app/Http/Controllers/EmpleadoController.php:468 [escritura_instancia_modelo] | backend/app/Http/Controllers/EmpleadoController.php:548 [escritura_instancia_modelo] | backend/app/Http/Controllers/EmpleadoController.php:620 [escritura_instancia_modelo] | backend/app/Http/Controllers/EmpleadoController.php:633 [escritura_instancia_modelo] | backend/app/Http/Controllers/EmpleadoController.php:756 [escritura_instancia_modelo] | backend/app/Http/Controllers/EmpleadoController.php:796 [escritura_instancia_modelo] | backend/app/Http/Controllers/EmpleadoController.php:173 [escritura_instancia_modelo] | backend/app/Http/Controllers/EmpleadoController.php:302 [escritura_instancia_modelo] | backend/app/Http/Controllers/EmpleadoController.php:417 [escritura_instancia_modelo] | backend/app/Http/Controllers/EmpleadoController.php:443 [escritura_instancia_modelo] | backend/app/Http/Controllers/EmpleadoController.php:468 [escritura_instancia_modelo] | backend/app/Http/Controllers/EmpleadoController.php:548 [escritura_instancia_modelo] | backend/app/Http/Controllers/EmpleadoController.php:620 [escritura_instancia_modelo] | backend/app/Http/Controllers/EmpleadoController.php:633 [escritura_instancia_modelo] | backend/app/Http/Controllers/EmpleadoController.php:756 [escritura_instancia_modelo] | backend/app/Http/Controllers/EmpleadoController.php:796 [escritura_instancia_modelo] | backend/app/Http/Controllers/HorasExtrasController.php:149 [lectura_modelo] | backend/app/Http/Controllers/HorasExtrasController.php:161 [lectura_modelo] | backend/app/Http/Controllers/ImportacionController.php:324 [lectura/referencia] | backend/app/Http/Controllers/ImportacionController.php:129 [lectura_modelo] | backend/app/Http/Controllers/ImportacionController.php:278 [lectura_modelo] | backend/app/Http/Controllers/ImportacionController.php:296 [lectura_modelo] | backend/app/Http/Controllers/ImportacionController.php:297 [escritura_modelo] | backend/app/Http/Controllers/ImportacionController.php:287 [escritura_instancia_modelo] | backend/app/Http/Controllers/LiquidacionVacController.php:122 [lectura_modelo] | backend/app/Http/Controllers/LiquidacionVacController.php:144 [lectura_modelo] | backend/app/Http/Controllers/LiquidacionVacController.php:186 [lectura_modelo] | backend/app/Http/Controllers/LotaipController.php:19 [lectura/referencia] | backend/app/Http/Controllers/NominaController.php:121 [lectura/referencia] | backend/app/Http/Controllers/NominaController.php:178 [lectura_modelo] | backend/app/Http/Controllers/NominaController.php:335 [lectura_modelo] | backend/app/Http/Controllers/NominaController.php:554 [lectura_modelo] | backend/app/Http/Controllers/PermisosController.php:794 [lectura_join] | backend/app/Http/Controllers/PermisosController.php:795 [lectura_join] | backend/app/Http/Controllers/PermisosController.php:100 [lectura_modelo] | backend/app/Http/Controllers/PermisosController.php:431 [lectura_modelo] | backend/app/Http/Controllers/PermisosController.php:724 [lectura_modelo] | backend/app/Http/Controllers/PlanificacionVacController.php:47 [lectura_modelo] | backend/app/Http/Controllers/PlanificacionVacController.php:499 [lectura_modelo] | backend/app/Http/Controllers/ReporteEmpleadosController.php:29 [lectura/referencia] | backend/app/Http/Controllers/ReporteEmpleadosController.php:41 [lectura_join] | backend/app/Http/Controllers/ReporteEmpleadosController.php:47 [lectura/referencia] | backend/app/Http/Controllers/ReporteEmpleadosController.php:51 [lectura/referencia] | backend/app/Http/Controllers/ReporteEmpleadosController.php:55 [lectura/referencia] | backend/app/Http/Controllers/ReporteEmpleadosController.php:59 [lectura/referencia] | backend/app/Http/Controllers/ReporteEmpleadosController.php:110 [lectura/referencia] | backend/app/Http/Controllers/ReportePlanificacionController.php:88 [lectura_modelo] | backend/app/Http/Controllers/ReporteVacacionesController.php:231 [lectura_modelo] | backend/app/Http/Controllers/ReporteVacacionesController.php:277 [lectura_modelo] | backend/app/Http/Controllers/ReporteVacacionesController.php:304 [lectura_modelo] | backend/app/Http/Controllers/ReporteVacacionesController.php:338 [lectura_modelo] | backend/app/Http/Controllers/ReporteVacacionesController.php:401 [lectura_modelo] | backend/app/Http/Controllers/ReportesController.php:26 [lectura_join] | backend/app/Http/Controllers/ReportesController.php:219 [lectura/referencia] | backend/app/Http/Controllers/ReportesController.php:411 [lectura_join] | backend/app/Http/Controllers/ReportesController.php:435 [lectura_join] | backend/app/Http/Controllers/ReportesController.php:460 [lectura_join] | backend/app/Http/Controllers/ReportesController.php:485 [lectura_join] | backend/app/Http/Controllers/RolPagoController.php:59 [lectura_join] | backend/app/Http/Controllers/RolPagoController.php:134 [lectura/referencia] | backend/app/Http/Controllers/RolPagoController.php:429 [lectura/referencia] | backend/app/Http/Controllers/SupervisorController.php:45 [lectura_modelo] | backend/app/Http/Controllers/SupervisorController.php:140 [lectura_modelo] | backend/app/Http/Controllers/Transporte/ReporteTransporteController.php:29 [lectura_join] | backend/app/Http/Controllers/Transporte/ReporteTransporteController.php:150 [lectura_join] | backend/app/Http/Controllers/Transporte/ReporteTransporteController.php:152 [lectura_join] | backend/app/Http/Controllers/TransporteController.php:588 [lectura_modelo] | backend/app/Http/Controllers/VacacionesController.php:335 [lectura/referencia] | backend/app/Http/Controllers/VacacionesController.php:337 [lectura/referencia] | backend/app/Http/Controllers/VacacionesController.php:63 [lectura_modelo] | backend/app/Http/Controllers/ZktecoController.php:120 [lectura/referencia] | backend/app/Models/AccionPersonal.php:53 [relacion_modelo] | backend/app/Models/AccionPersonal.php:58 [relacion_modelo] | backend/app/Models/Adq/SolicitudMaterial.php:19 [relacion_modelo] | backend/app/Models/Adq/SolicitudMaterial.php:24 [relacion_modelo] | backend/app/Models/CertificadoLaboral.php:40 [relacion_modelo] | backend/app/Models/CertificadoLaboral.php:45 [relacion_modelo] | backend/app/Models/ComSolicitud.php:34 [relacion_modelo] | backend/app/Models/ComSolicitudServidor.php:16 [relacion_modelo] | backend/app/Models/Departamento.php:18 [relacion_modelo] | backend/app/Models/Empleado.php:30 [declaracion_modelo] | backend/app/Models/EmpleadoHijo.php:18 [relacion_modelo] | backend/app/Models/EmpleadoMail.php:22 [relacion_modelo] | backend/app/Models/HePlanificacionCab.php:32 [relacion_modelo] | backend/app/Models/HeRegistro.php:38 [relacion_modelo] | backend/app/Models/LiquidacionHistorico.php:20 [relacion_modelo] | backend/app/Models/Nomina/DecimoCuarto.php:24 [relacion_modelo] | backend/app/Models/Nomina/DecimoTercero.php:24 [relacion_modelo] | backend/app/Models/Nomina/FondosReserva.php:24 [relacion_modelo] | backend/app/Models/Nomina/RolPagoDet.php:21 [relacion_modelo] | backend/app/Models/Permiso.php:46 [relacion_modelo] | backend/app/Models/Permiso.php:56 [relacion_modelo] | backend/app/Models/PlanificacionCab.php:21 [relacion_modelo] | backend/app/Models/SgControlPersona.php:31 [relacion_modelo] | backend/app/Models/Supervisor.php:28 [relacion_modelo] | backend/app/Models/Supervisor.php:34 [relacion_modelo] | backend/app/Models/Tecnologia/Asignacion.php:24 [relacion_modelo] | backend/app/Models/Tecnologia/Mantenimiento.php:26 [relacion_modelo] | backend/app/Models/Tecnologia/Mantenimiento.php:31 [relacion_modelo] | backend/app/Models/Transporte/Mantenimiento.php:28 [relacion_modelo] | backend/app/Models/Transporte/Mantenimiento.php:33 [relacion_modelo] | backend/app/Models/Transporte/SolicitudMov.php:23 [relacion_modelo] | backend/app/Models/Transporte/SolicitudMov.php:28 [relacion_modelo] | backend/app/Models/Transporte/SolicitudMov.php:38 [relacion_modelo] | backend/app/Models/Transporte/ValeCombustible.php:38 [relacion_modelo] | backend/app/Models/Vacacion.php:41 [relacion_modelo] | backend/app/Models/Vacacion.php:46 [relacion_modelo] | backend/app/Models/Vacacion.php:51 [relacion_modelo] | backend/app/Models/Vacacion.php:56 [relacion_modelo] | backend/app/Services/AutenticacionService.php:12 [lectura_modelo] | backend/app/Services/MarcacionService.php:23 [lectura_modelo] | backend/app/Services/SesionSitService.php:18 [lectura_modelo] | backend/config/auth.php:75 [relacion_modelo] | backend/resources/views/reportes/com_informe_exterior.blade.php:27 [lectura_join] | backend/resources/views/reportes/com_informe_interior.blade.php:30 [lectura_join]"
dbo.ad_empleado_hijo,r,conservar_uso,"Talento Humano/administración/reportes","lectura_modelo | escritura_modelo | escritura_instancia_modelo | lectura/referencia | lectura_join | relacion_modelo | declaracion_modelo",dbo.ad_empleado,,"backend/app/Http/Controllers/EmpleadoController.php:654 [lectura_modelo] | backend/app/Http/Controllers/EmpleadoController.php:678 [escritura_modelo] | backend/app/Http/Controllers/EmpleadoController.php:698 [lectura_modelo] | backend/app/Http/Controllers/EmpleadoController.php:699 [escritura_instancia_modelo] | backend/app/Http/Controllers/EmpleadoController.php:699 [escritura_instancia_modelo] | backend/app/Http/Controllers/ReporteEmpleadosController.php:40 [lectura/referencia] | backend/app/Http/Controllers/ReporteEmpleadosController.php:181 [lectura_join] | backend/app/Http/Controllers/ReporteEmpleadosController.php:195 [lectura/referencia] | backend/app/Models/Empleado.php:85 [relacion_modelo] | backend/app/Models/EmpleadoHijo.php:9 [declaracion_modelo]"
dbo.ad_empleado_mail,r,conservar_uso,"Talento Humano/administración/reportes","escritura_modelo | lectura/referencia | relacion_modelo | declaracion_modelo",dbo.ad_empleado,,"backend/app/Http/Controllers/EmpleadoController.php:194 [escritura_modelo] | backend/app/Http/Controllers/EmpleadoController.php:362 [escritura_modelo] | backend/app/Http/Controllers/EmpleadoController.php:364 [escritura_modelo] | backend/app/Http/Controllers/ImportacionController.php:289 [escritura_modelo] | backend/app/Http/Controllers/ImportacionController.php:290 [escritura_modelo] | backend/app/Http/Controllers/ImportacionController.php:307 [escritura_modelo] | backend/app/Http/Controllers/LotaipController.php:54 [lectura/referencia] | backend/app/Models/Empleado.php:74 [relacion_modelo] | backend/app/Models/EmpleadoMail.php:9 [declaracion_modelo]"
dbo.ad_empleado_teletrabajo,r,conservar_uso,"Talento Humano/administración/reportes | Servicios/asistencia/autenticación","lectura/referencia | escritura",,,"backend/app/Http/Controllers/EmpleadoController.php:811 [lectura/referencia] | backend/app/Http/Controllers/EmpleadoController.php:829 [escritura] | backend/app/Http/Controllers/EmpleadoController.php:839 [lectura/referencia] | backend/app/Http/Controllers/EmpleadoController.php:848 [escritura] | backend/app/Services/AutorizacionMarcacionService.php:37 [lectura/referencia]"
dbo.ad_enfermedad_catastrofica,r,conservar_uso,"Talento Humano/administración/reportes | Export original","lectura/referencia | lectura_join | export_original",,,"backend/app/Http/Controllers/EmpleadoController.php:646 [lectura/referencia] | backend/app/Http/Controllers/ImportacionController.php:164 [lectura/referencia] | backend/app/Http/Controllers/ReporteEmpleadosController.php:115 [lectura_join] | docs/tablas-datos-base-original.txt:9 [export_original]"
dbo.ad_grupo_prioritario,r,conservar_uso,"Talento Humano/administración/reportes | Export original","lectura/referencia | lectura_join | export_original",,,"backend/app/Http/Controllers/EmpleadoController.php:644 [lectura/referencia] | backend/app/Http/Controllers/ImportacionController.php:162 [lectura/referencia] | backend/app/Http/Controllers/ReporteEmpleadosController.php:113 [lectura_join] | docs/tablas-datos-base-original.txt:10 [export_original]"
dbo.ad_grupo_vulnerable,r,conservar_uso,"Talento Humano/administración/reportes | Export original","lectura/referencia | lectura_join | export_original",,,"backend/app/Http/Controllers/EmpleadoController.php:643 [lectura/referencia] | backend/app/Http/Controllers/ImportacionController.php:161 [lectura/referencia] | backend/app/Http/Controllers/ReporteEmpleadosController.php:112 [lectura_join] | docs/tablas-datos-base-original.txt:11 [export_original]"
dbo.ad_permisos_area,r,retirar,,,"dbo.ad_departamento | dbo.ad_empleado",,
dbo.ad_tipo_discapacidad,r,conservar_uso,"Talento Humano/administración/reportes | Export original","lectura/referencia | lectura_join | export_original",,,"backend/app/Http/Controllers/EmpleadoController.php:645 [lectura/referencia] | backend/app/Http/Controllers/ImportacionController.php:163 [lectura/referencia] | backend/app/Http/Controllers/ReporteEmpleadosController.php:114 [lectura_join] | docs/tablas-datos-base-original.txt:12 [export_original]"
dbo.admin_opcion,r,conservar_uso,"Talento Humano/administración/reportes | Servicios/asistencia/autenticación | Export original","lectura_join | lectura_modelo | escritura_modelo | escritura_instancia_modelo | lectura/referencia | declaracion_modelo | export_original",,,"backend/app/Http/Controllers/AuthController.php:55 [lectura_join] | backend/app/Http/Controllers/AuthController.php:136 [lectura_join] | backend/app/Http/Controllers/OpcionController.php:13 [lectura_modelo] | backend/app/Http/Controllers/OpcionController.php:31 [escritura_modelo] | backend/app/Http/Controllers/OpcionController.php:48 [lectura_modelo] | backend/app/Http/Controllers/OpcionController.php:55 [lectura_modelo] | backend/app/Http/Controllers/OpcionController.php:79 [lectura_modelo] | backend/app/Http/Controllers/OpcionController.php:90 [lectura_modelo] | backend/app/Http/Controllers/OpcionController.php:100 [lectura_modelo] | backend/app/Http/Controllers/OpcionController.php:64 [escritura_instancia_modelo] | backend/app/Http/Controllers/OpcionController.php:80 [escritura_instancia_modelo] | backend/app/Http/Controllers/OpcionController.php:93 [escritura_instancia_modelo] | backend/app/Http/Controllers/OpcionController.php:64 [escritura_instancia_modelo] | backend/app/Http/Controllers/OpcionController.php:80 [escritura_instancia_modelo] | backend/app/Http/Controllers/OpcionController.php:93 [escritura_instancia_modelo] | backend/app/Http/Controllers/OpcionController.php:64 [escritura_instancia_modelo] | backend/app/Http/Controllers/OpcionController.php:80 [escritura_instancia_modelo] | backend/app/Http/Controllers/OpcionController.php:93 [escritura_instancia_modelo] | backend/app/Http/Controllers/OpcionController.php:64 [escritura_instancia_modelo] | backend/app/Http/Controllers/OpcionController.php:80 [escritura_instancia_modelo] | backend/app/Http/Controllers/OpcionController.php:93 [escritura_instancia_modelo] | backend/app/Http/Controllers/OpcionController.php:64 [escritura_instancia_modelo] | backend/app/Http/Controllers/OpcionController.php:80 [escritura_instancia_modelo] | backend/app/Http/Controllers/OpcionController.php:93 [escritura_instancia_modelo] | backend/app/Http/Controllers/RolController.php:60 [lectura/referencia] | backend/app/Models/AdminOpcion.php:9 [declaracion_modelo] | backend/app/Services/AutorizacionMarcacionService.php:21 [lectura_join] | docs/tablas-datos-base-original.txt:13 [export_original]"
dbo.admin_rol,r,conservar_uso,"Adquisiciones | Servicios/asistencia/autenticación | Talento Humano/administración/reportes | Nómina/horas extras | Vacaciones | Permisos | Transportes | Export original","lectura_join | lectura/referencia | lectura_modelo | escritura_modelo | escritura_instancia_modelo | declaracion_modelo | relacion_modelo | export_original",,,"backend/app/Http/Controllers/Adquisiciones/SolicitudMaterialController.php:25 [lectura_join] | backend/app/Http/Controllers/AsistenciaController.php:228 [lectura_join] | backend/app/Http/Controllers/AuthController.php:49 [lectura_join] | backend/app/Http/Controllers/AuthController.php:56 [lectura_join] | backend/app/Http/Controllers/AuthController.php:137 [lectura_join] | backend/app/Http/Controllers/CertificadoLaboralController.php:31 [lectura_join] | backend/app/Http/Controllers/Comisiones/AnticipController.php:98 [lectura_join] | backend/app/Http/Controllers/Comisiones/ComisionController.php:35 [lectura_join] | backend/app/Http/Controllers/Comisiones/ComisionController.php:76 [lectura_join] | backend/app/Http/Controllers/Comisiones/FuncionarioExternoController.php:134 [lectura/referencia] | backend/app/Http/Controllers/Comisiones/LiquidacionController.php:269 [lectura_join] | backend/app/Http/Controllers/Controller.php:21 [lectura_join] | backend/app/Http/Controllers/DashboardController.php:46 [lectura_join] | backend/app/Http/Controllers/DashboardController.php:312 [lectura_join] | backend/app/Http/Controllers/EmpleadoController.php:432 [lectura_join] | backend/app/Http/Controllers/EmpleadoController.php:482 [lectura_join] | backend/app/Http/Controllers/HorasExtrasController.php:127 [lectura_join] | backend/app/Http/Controllers/LiquidacionVacController.php:58 [lectura_join] | backend/app/Http/Controllers/NominaController.php:20 [lectura_join] | backend/app/Http/Controllers/PermisosController.php:87 [lectura_join] | backend/app/Http/Controllers/PlanificacionVacController.php:33 [lectura_join] | backend/app/Http/Controllers/ReporteVacacionesController.php:35 [lectura_join] | backend/app/Http/Controllers/ReporteVacacionesController.php:44 [lectura_join] | backend/app/Http/Controllers/RolController.php:17 [lectura_modelo] | backend/app/Http/Controllers/RolController.php:25 [lectura_modelo] | backend/app/Http/Controllers/RolController.php:34 [escritura_modelo] | backend/app/Http/Controllers/RolController.php:44 [lectura_modelo] | backend/app/Http/Controllers/RolController.php:52 [escritura_modelo] | backend/app/Http/Controllers/RolController.php:96 [lectura_modelo] | backend/app/Http/Controllers/RolController.php:117 [lectura_modelo] | backend/app/Http/Controllers/RolController.php:45 [escritura_instancia_modelo] | backend/app/Http/Controllers/RolController.php:45 [escritura_instancia_modelo] | backend/app/Http/Controllers/RolController.php:45 [escritura_instancia_modelo] | backend/app/Http/Controllers/RolController.php:45 [escritura_instancia_modelo] | backend/app/Http/Controllers/RolController.php:45 [escritura_instancia_modelo] | backend/app/Http/Controllers/Transporte/ValeController.php:30 [lectura_join] | backend/app/Http/Controllers/TransporteController.php:27 [lectura_join] | backend/app/Http/Controllers/TransporteController.php:36 [lectura_join] | backend/app/Http/Controllers/TransporteController.php:583 [lectura_join] | backend/app/Http/Controllers/VacacionesController.php:53 [lectura_join] | backend/app/Models/AdminRol.php:9 [declaracion_modelo] | backend/app/Models/AdminUsuarioRol.php:18 [relacion_modelo] | backend/app/Services/AutorizacionMarcacionService.php:16 [lectura_join] | docs/tablas-datos-base-original.txt:14 [export_original]"
dbo.admin_rol_opcion,r,conservar_uso,"Talento Humano/administración/reportes | Servicios/asistencia/autenticación | Export original","lectura_join | escritura | lectura/referencia | export_original",dbo.admin_rol,,"backend/app/Http/Controllers/AuthController.php:54 [lectura_join] | backend/app/Http/Controllers/AuthController.php:135 [lectura_join] | backend/app/Http/Controllers/OpcionController.php:92 [escritura] | backend/app/Http/Controllers/RolController.php:23 [lectura/referencia] | backend/app/Http/Controllers/RolController.php:72 [escritura] | backend/app/Http/Controllers/RolController.php:76 [escritura] | backend/app/Services/AutorizacionMarcacionService.php:20 [lectura_join] | docs/tablas-datos-base-original.txt:15 [export_original]"
dbo.admin_usuario_rol,r,conservar_uso,"Adquisiciones | Servicios/asistencia/autenticación | Talento Humano/administración/reportes | Nómina/horas extras | Vacaciones | Permisos | Transportes","lectura/referencia | escritura | lectura_modelo | escritura_modelo | declaracion_modelo | relacion_modelo",dbo.admin_rol,,"backend/app/Http/Controllers/Adquisiciones/SolicitudMaterialController.php:24 [lectura/referencia] | backend/app/Http/Controllers/AsistenciaController.php:227 [lectura/referencia] | backend/app/Http/Controllers/AuthController.php:48 [lectura/referencia] | backend/app/Http/Controllers/AuthController.php:53 [lectura/referencia] | backend/app/Http/Controllers/AuthController.php:134 [lectura/referencia] | backend/app/Http/Controllers/CertificadoLaboralController.php:30 [lectura/referencia] | backend/app/Http/Controllers/Comisiones/AnticipController.php:97 [lectura/referencia] | backend/app/Http/Controllers/Comisiones/ComisionController.php:34 [lectura/referencia] | backend/app/Http/Controllers/Comisiones/ComisionController.php:75 [lectura/referencia] | backend/app/Http/Controllers/Comisiones/FuncionarioExternoController.php:139 [escritura] | backend/app/Http/Controllers/Comisiones/LiquidacionController.php:268 [lectura/referencia] | backend/app/Http/Controllers/Controller.php:20 [lectura/referencia] | backend/app/Http/Controllers/DashboardController.php:45 [lectura/referencia] | backend/app/Http/Controllers/DashboardController.php:311 [lectura/referencia] | backend/app/Http/Controllers/EmpleadoController.php:431 [lectura/referencia] | backend/app/Http/Controllers/EmpleadoController.php:481 [lectura/referencia] | backend/app/Http/Controllers/HorasExtrasController.php:126 [lectura/referencia] | backend/app/Http/Controllers/LiquidacionVacController.php:57 [lectura/referencia] | backend/app/Http/Controllers/NominaController.php:19 [lectura/referencia] | backend/app/Http/Controllers/PermisosController.php:86 [lectura/referencia] | backend/app/Http/Controllers/PlanificacionVacController.php:32 [lectura/referencia] | backend/app/Http/Controllers/ReporteVacacionesController.php:34 [lectura/referencia] | backend/app/Http/Controllers/ReporteVacacionesController.php:43 [lectura/referencia] | backend/app/Http/Controllers/RolController.php:97 [lectura/referencia] | backend/app/Http/Controllers/RolController.php:120 [lectura/referencia] | backend/app/Http/Controllers/RolController.php:87 [lectura_modelo] | backend/app/Http/Controllers/RolController.php:90 [escritura_modelo] | backend/app/Http/Controllers/RolController.php:108 [lectura_modelo] | backend/app/Http/Controllers/RolController.php:118 [escritura_modelo] | backend/app/Http/Controllers/Transporte/ValeController.php:29 [lectura/referencia] | backend/app/Http/Controllers/TransporteController.php:26 [lectura/referencia] | backend/app/Http/Controllers/TransporteController.php:35 [lectura/referencia] | backend/app/Http/Controllers/TransporteController.php:582 [lectura/referencia] | backend/app/Http/Controllers/VacacionesController.php:52 [lectura/referencia] | backend/app/Models/AdminUsuarioRol.php:9 [declaracion_modelo] | backend/app/Models/Empleado.php:69 [relacion_modelo] | backend/app/Services/AutorizacionMarcacionService.php:16 [lectura/referencia]"
dbo.cache,r,conservar_uso,Framework/autenticación,lectura/escritura_framework,,,"backend/config/cache.php:1 [lectura/escritura_framework]"
dbo.cache_locks,r,conservar_uso,Framework/autenticación,lectura/escritura_framework,,,"backend/config/cache.php:1 [lectura/escritura_framework]"
dbo.com_anticipo,r,conservar_uso,"Talento Humano/administración/reportes | Comisiones","lectura/referencia | escritura_modelo | lectura_modelo | escritura_instancia_modelo | declaracion_modelo | relacion_modelo",dbo.com_solicitud,,"backend/app/Http/Controllers/Comisiones/AnticipController.php:41 [lectura/referencia] | backend/app/Http/Controllers/Comisiones/AnticipController.php:73 [lectura/referencia] | backend/app/Http/Controllers/Comisiones/AnticipController.php:89 [lectura/referencia] | backend/app/Http/Controllers/Comisiones/AnticipController.php:33 [escritura_modelo] | backend/app/Http/Controllers/Comisiones/AnticipController.php:58 [lectura_modelo] | backend/app/Http/Controllers/Comisiones/AnticipController.php:80 [lectura_modelo] | backend/app/Http/Controllers/Comisiones/AnticipController.php:67 [escritura_instancia_modelo] | backend/app/Http/Controllers/Comisiones/AnticipController.php:88 [escritura_instancia_modelo] | backend/app/Http/Controllers/Comisiones/AnticipController.php:67 [escritura_instancia_modelo] | backend/app/Http/Controllers/Comisiones/AnticipController.php:88 [escritura_instancia_modelo] | backend/app/Http/Controllers/Comisiones/AnticipController.php:67 [escritura_instancia_modelo] | backend/app/Http/Controllers/Comisiones/AnticipController.php:88 [escritura_instancia_modelo] | backend/app/Models/ComAnticipo.php:9 [declaracion_modelo] | backend/app/Models/ComSolicitud.php:54 [relacion_modelo]"
dbo.com_ciudad,r,conservar_uso,"Talento Humano/administración/reportes | Export original","lectura_join | escritura | lectura/referencia | export_original",dbo.com_provincia,,"backend/app/Http/Controllers/Admin/ProvinciaCiudadController.php:16 [lectura_join] | backend/app/Http/Controllers/Admin/ProvinciaCiudadController.php:49 [escritura] | backend/app/Http/Controllers/Admin/ProvinciaCiudadController.php:58 [escritura] | backend/app/Http/Controllers/Admin/ProvinciaCiudadController.php:69 [escritura] | backend/app/Http/Controllers/Admin/ProvinciaCiudadController.php:76 [escritura] | backend/app/Http/Controllers/Comisiones/ComisionController.php:589 [lectura/referencia] | docs/tablas-datos-base-original.txt:16 [export_original]"
dbo.com_coeficiente_pais,r,conservar_uso,"Talento Humano/administración/reportes | Comisiones | Export original","lectura_modelo | escritura_modelo | escritura_instancia_modelo | lectura/referencia | declaracion_modelo | export_original",,,"backend/app/Http/Controllers/Comisiones/CoeficientePaisController.php:16 [lectura_modelo] | backend/app/Http/Controllers/Comisiones/CoeficientePaisController.php:29 [escritura_modelo] | backend/app/Http/Controllers/Comisiones/CoeficientePaisController.php:42 [lectura_modelo] | backend/app/Http/Controllers/Comisiones/CoeficientePaisController.php:49 [escritura_instancia_modelo] | backend/app/Http/Controllers/Comisiones/CoeficientePaisController.php:49 [escritura_instancia_modelo] | backend/app/Http/Controllers/Comisiones/LiquidacionController.php:175 [lectura/referencia] | backend/app/Models/ComCoeficientePais.php:9 [declaracion_modelo] | docs/tablas-datos-base-original.txt:17 [export_original]"
dbo.com_ficha_liquidacion,r,conservar_uso,"Talento Humano/administración/reportes | Comisiones","lectura/referencia | escritura_modelo | lectura_modelo | escritura_instancia_modelo | declaracion_modelo | relacion_modelo",dbo.com_solicitud,,"backend/app/Http/Controllers/Comisiones/LiquidacionController.php:60 [lectura/referencia] | backend/app/Http/Controllers/Comisiones/LiquidacionController.php:113 [lectura/referencia] | backend/app/Http/Controllers/Comisiones/LiquidacionController.php:143 [lectura/referencia] | backend/app/Http/Controllers/Comisiones/LiquidacionController.php:260 [lectura/referencia] | backend/app/Http/Controllers/Comisiones/LiquidacionController.php:48 [escritura_modelo] | backend/app/Http/Controllers/Comisiones/LiquidacionController.php:67 [lectura_modelo] | backend/app/Http/Controllers/Comisiones/LiquidacionController.php:95 [lectura_modelo] | backend/app/Http/Controllers/Comisiones/LiquidacionController.php:120 [lectura_modelo] | backend/app/Http/Controllers/Comisiones/LiquidacionController.php:252 [lectura_modelo] | backend/app/Http/Controllers/Comisiones/LiquidacionController.php:78 [escritura_instancia_modelo] | backend/app/Http/Controllers/Comisiones/LiquidacionController.php:106 [escritura_instancia_modelo] | backend/app/Http/Controllers/Comisiones/LiquidacionController.php:109 [escritura_instancia_modelo] | backend/app/Http/Controllers/Comisiones/LiquidacionController.php:135 [escritura_instancia_modelo] | backend/app/Http/Controllers/Comisiones/LiquidacionController.php:259 [escritura_instancia_modelo] | backend/app/Http/Controllers/Comisiones/LiquidacionController.php:78 [escritura_instancia_modelo] | backend/app/Http/Controllers/Comisiones/LiquidacionController.php:106 [escritura_instancia_modelo] | backend/app/Http/Controllers/Comisiones/LiquidacionController.php:109 [escritura_instancia_modelo] | backend/app/Http/Controllers/Comisiones/LiquidacionController.php:135 [escritura_instancia_modelo] | backend/app/Http/Controllers/Comisiones/LiquidacionController.php:259 [escritura_instancia_modelo] | backend/app/Http/Controllers/Comisiones/LiquidacionController.php:78 [escritura_instancia_modelo] | backend/app/Http/Controllers/Comisiones/LiquidacionController.php:106 [escritura_instancia_modelo] | backend/app/Http/Controllers/Comisiones/LiquidacionController.php:109 [escritura_instancia_modelo] | backend/app/Http/Controllers/Comisiones/LiquidacionController.php:135 [escritura_instancia_modelo] | backend/app/Http/Controllers/Comisiones/LiquidacionController.php:259 [escritura_instancia_modelo] | backend/app/Http/Controllers/Comisiones/LiquidacionController.php:78 [escritura_instancia_modelo] | backend/app/Http/Controllers/Comisiones/LiquidacionController.php:106 [escritura_instancia_modelo] | backend/app/Http/Controllers/Comisiones/LiquidacionController.php:109 [escritura_instancia_modelo] | backend/app/Http/Controllers/Comisiones/LiquidacionController.php:135 [escritura_instancia_modelo] | backend/app/Http/Controllers/Comisiones/LiquidacionController.php:259 [escritura_instancia_modelo] | backend/app/Http/Controllers/Comisiones/LiquidacionController.php:78 [escritura_instancia_modelo] | backend/app/Http/Controllers/Comisiones/LiquidacionController.php:106 [escritura_instancia_modelo] | backend/app/Http/Controllers/Comisiones/LiquidacionController.php:109 [escritura_instancia_modelo] | backend/app/Http/Controllers/Comisiones/LiquidacionController.php:135 [escritura_instancia_modelo] | backend/app/Http/Controllers/Comisiones/LiquidacionController.php:259 [escritura_instancia_modelo] | backend/app/Models/ComFichaLiquidacion.php:9 [declaracion_modelo] | backend/app/Models/ComSolicitud.php:59 [relacion_modelo]"
dbo.com_funcionario_externo,r,conservar_uso,"Talento Humano/administración/reportes | Comisiones","lectura/referencia | lectura_modelo | escritura_modelo | escritura_instancia_modelo | declaracion_modelo",,,"backend/app/Http/Controllers/Comisiones/ComisionController.php:634 [lectura/referencia] | backend/app/Http/Controllers/Comisiones/FuncionarioExternoController.php:18 [lectura_modelo] | backend/app/Http/Controllers/Comisiones/FuncionarioExternoController.php:39 [escritura_modelo] | backend/app/Http/Controllers/Comisiones/FuncionarioExternoController.php:58 [lectura_modelo] | backend/app/Http/Controllers/Comisiones/FuncionarioExternoController.php:84 [lectura_modelo] | backend/app/Http/Controllers/Comisiones/FuncionarioExternoController.php:100 [lectura_modelo] | backend/app/Http/Controllers/Comisiones/FuncionarioExternoController.php:66 [escritura_instancia_modelo] | backend/app/Http/Controllers/Comisiones/FuncionarioExternoController.php:85 [escritura_instancia_modelo] | backend/app/Http/Controllers/Comisiones/FuncionarioExternoController.php:66 [escritura_instancia_modelo] | backend/app/Http/Controllers/Comisiones/FuncionarioExternoController.php:85 [escritura_instancia_modelo] | backend/app/Http/Controllers/Comisiones/FuncionarioExternoController.php:66 [escritura_instancia_modelo] | backend/app/Http/Controllers/Comisiones/FuncionarioExternoController.php:85 [escritura_instancia_modelo] | backend/app/Models/ComFuncionarioExterno.php:9 [declaracion_modelo]"
dbo.com_informe,r,conservar_uso,"Talento Humano/administración/reportes | Comisiones","lectura/referencia | escritura | escritura_modelo | lectura_modelo | escritura_instancia_modelo | declaracion_modelo | relacion_modelo",dbo.com_solicitud,,"backend/app/Http/Controllers/Comisiones/InformeComisionController.php:110 [lectura/referencia] | backend/app/Http/Controllers/Comisiones/InformeComisionController.php:168 [lectura/referencia] | backend/app/Http/Controllers/Comisiones/InformeComisionController.php:207 [lectura/referencia] | backend/app/Http/Controllers/Comisiones/InformeComisionController.php:232 [escritura] | backend/app/Http/Controllers/Comisiones/InformeComisionController.php:245 [lectura/referencia] | backend/app/Http/Controllers/Comisiones/InformeComisionController.php:255 [lectura/referencia] | backend/app/Http/Controllers/Comisiones/InformeComisionController.php:78 [escritura_modelo] | backend/app/Http/Controllers/Comisiones/InformeComisionController.php:126 [lectura_modelo] | backend/app/Http/Controllers/Comisiones/InformeComisionController.php:151 [escritura_instancia_modelo] | backend/app/Http/Controllers/Comisiones/InformeComisionController.php:151 [escritura_instancia_modelo] | backend/app/Models/ComInforme.php:9 [declaracion_modelo] | backend/app/Models/ComSolicitud.php:49 [relacion_modelo]"
dbo.com_informe_transporte,r,conservar_uso,"Talento Humano/administración/reportes | Comisiones","escritura | escritura_modelo | relacion_modelo | declaracion_modelo",dbo.com_informe,,"backend/app/Http/Controllers/Comisiones/InformeComisionController.php:174 [escritura] | backend/app/Http/Controllers/Comisiones/InformeComisionController.php:96 [escritura_modelo] | backend/app/Http/Controllers/Comisiones/InformeComisionController.php:176 [escritura_modelo] | backend/app/Models/ComInforme.php:30 [relacion_modelo] | backend/app/Models/ComInformeTransporte.php:9 [declaracion_modelo]"
dbo.com_provincia,r,conservar_uso,"Talento Humano/administración/reportes | Export original","lectura/referencia | escritura | export_original",,,"backend/app/Http/Controllers/Admin/ProvinciaCiudadController.php:15 [lectura/referencia] | backend/app/Http/Controllers/Admin/ProvinciaCiudadController.php:34 [escritura] | backend/app/Http/Controllers/Admin/ProvinciaCiudadController.php:42 [escritura] | backend/app/Http/Controllers/Admin/ProvinciaCiudadController.php:50 [escritura] | backend/app/Http/Controllers/Comisiones/ComisionController.php:587 [lectura/referencia] | docs/tablas-datos-base-original.txt:18 [export_original]"
dbo.com_solicitud,r,conservar_uso,"Talento Humano/administración/reportes | Comisiones","lectura_modelo | lectura/referencia | escritura | escritura_modelo | escritura_instancia_modelo | relacion_modelo | declaracion_modelo",dbo.ad_empleado,,"backend/app/Http/Controllers/Comisiones/AnticipController.php:16 [lectura_modelo] | backend/app/Http/Controllers/Comisiones/ComisionController.php:106 [lectura/referencia] | backend/app/Http/Controllers/Comisiones/ComisionController.php:223 [lectura/referencia] | backend/app/Http/Controllers/Comisiones/ComisionController.php:311 [lectura/referencia] | backend/app/Http/Controllers/Comisiones/ComisionController.php:358 [lectura/referencia] | backend/app/Http/Controllers/Comisiones/ComisionController.php:401 [lectura/referencia] | backend/app/Http/Controllers/Comisiones/ComisionController.php:422 [escritura] | backend/app/Http/Controllers/Comisiones/ComisionController.php:434 [lectura/referencia] | backend/app/Http/Controllers/Comisiones/ComisionController.php:443 [lectura/referencia] | backend/app/Http/Controllers/Comisiones/ComisionController.php:492 [escritura] | backend/app/Http/Controllers/Comisiones/ComisionController.php:504 [lectura/referencia] | backend/app/Http/Controllers/Comisiones/ComisionController.php:513 [lectura/referencia] | backend/app/Http/Controllers/Comisiones/ComisionController.php:526 [escritura] | backend/app/Http/Controllers/Comisiones/ComisionController.php:533 [lectura/referencia] | backend/app/Http/Controllers/Comisiones/ComisionController.php:552 [lectura/referencia] | backend/app/Http/Controllers/Comisiones/ComisionController.php:663 [lectura/referencia] | backend/app/Http/Controllers/Comisiones/ComisionController.php:186 [escritura_modelo] | backend/app/Http/Controllers/Comisiones/ComisionController.php:243 [lectura_modelo] | backend/app/Http/Controllers/Comisiones/ComisionController.php:376 [lectura_modelo] | backend/app/Http/Controllers/Comisiones/ComisionController.php:543 [lectura_modelo] | backend/app/Http/Controllers/Comisiones/ComisionController.php:561 [lectura_modelo] | backend/app/Http/Controllers/Comisiones/ComisionController.php:674 [lectura_modelo] | backend/app/Http/Controllers/Comisiones/ComisionController.php:265 [escritura_instancia_modelo] | backend/app/Http/Controllers/Comisiones/ComisionController.php:551 [escritura_instancia_modelo] | backend/app/Http/Controllers/Comisiones/ComisionController.php:265 [escritura_instancia_modelo] | backend/app/Http/Controllers/Comisiones/ComisionController.php:551 [escritura_instancia_modelo] | backend/app/Http/Controllers/Comisiones/ComisionController.php:265 [escritura_instancia_modelo] | backend/app/Http/Controllers/Comisiones/ComisionController.php:551 [escritura_instancia_modelo] | backend/app/Http/Controllers/Comisiones/ComisionController.php:265 [escritura_instancia_modelo] | backend/app/Http/Controllers/Comisiones/ComisionController.php:551 [escritura_instancia_modelo] | backend/app/Http/Controllers/Comisiones/ComisionController.php:265 [escritura_instancia_modelo] | backend/app/Http/Controllers/Comisiones/ComisionController.php:551 [escritura_instancia_modelo] | backend/app/Http/Controllers/Comisiones/InformeComisionController.php:239 [escritura] | backend/app/Http/Controllers/Comisiones/InformeComisionController.php:49 [lectura_modelo] | backend/app/Http/Controllers/Comisiones/InformeComisionController.php:127 [lectura_modelo] | backend/app/Http/Controllers/Comisiones/InformeComisionController.php:201 [lectura_modelo] | backend/app/Http/Controllers/Comisiones/InformeComisionController.php:252 [lectura_modelo] | backend/app/Http/Controllers/Comisiones/InformeComisionController.php:274 [lectura_modelo] | backend/app/Http/Controllers/Comisiones/LiquidacionController.php:16 [lectura_modelo] | backend/app/Http/Controllers/Comisiones/LiquidacionController.php:68 [lectura_modelo] | backend/app/Http/Controllers/Comisiones/LiquidacionController.php:96 [lectura_modelo] | backend/app/Http/Controllers/Comisiones/LiquidacionController.php:121 [lectura_modelo] | backend/app/Http/Controllers/Comisiones/LiquidacionController.php:150 [lectura_modelo] | backend/app/Http/Controllers/Comisiones/LiquidacionController.php:58 [escritura_instancia_modelo] | backend/app/Http/Controllers/Comisiones/LiquidacionController.php:107 [escritura_instancia_modelo] | backend/app/Http/Controllers/Comisiones/LiquidacionController.php:110 [escritura_instancia_modelo] | backend/app/Http/Controllers/Comisiones/LiquidacionController.php:141 [escritura_instancia_modelo] | backend/app/Http/Controllers/Comisiones/LiquidacionController.php:58 [escritura_instancia_modelo] | backend/app/Http/Controllers/Comisiones/LiquidacionController.php:107 [escritura_instancia_modelo] | backend/app/Http/Controllers/Comisiones/LiquidacionController.php:110 [escritura_instancia_modelo] | backend/app/Http/Controllers/Comisiones/LiquidacionController.php:141 [escritura_instancia_modelo] | backend/app/Http/Controllers/Comisiones/LiquidacionController.php:58 [escritura_instancia_modelo] | backend/app/Http/Controllers/Comisiones/LiquidacionController.php:107 [escritura_instancia_modelo] | backend/app/Http/Controllers/Comisiones/LiquidacionController.php:110 [escritura_instancia_modelo] | backend/app/Http/Controllers/Comisiones/LiquidacionController.php:141 [escritura_instancia_modelo] | backend/app/Http/Controllers/Comisiones/LiquidacionController.php:58 [escritura_instancia_modelo] | backend/app/Http/Controllers/Comisiones/LiquidacionController.php:107 [escritura_instancia_modelo] | backend/app/Http/Controllers/Comisiones/LiquidacionController.php:110 [escritura_instancia_modelo] | backend/app/Http/Controllers/Comisiones/LiquidacionController.php:141 [escritura_instancia_modelo] | backend/app/Http/Controllers/Comisiones/LiquidacionController.php:58 [escritura_instancia_modelo] | backend/app/Http/Controllers/Comisiones/LiquidacionController.php:107 [escritura_instancia_modelo] | backend/app/Http/Controllers/Comisiones/LiquidacionController.php:110 [escritura_instancia_modelo] | backend/app/Http/Controllers/Comisiones/LiquidacionController.php:141 [escritura_instancia_modelo] | backend/app/Models/ComFichaLiquidacion.php:47 [relacion_modelo] | backend/app/Models/ComInforme.php:25 [relacion_modelo] | backend/app/Models/ComSolicitud.php:9 [declaracion_modelo]"
dbo.com_solicitud_documento,r,conservar_uso,"Talento Humano/administración/reportes | Comisiones","lectura/referencia | escritura | declaracion_modelo",dbo.com_solicitud,,"backend/app/Http/Controllers/Comisiones/ComisionController.php:150 [lectura/referencia] | backend/app/Http/Controllers/Comisiones/ComisionController.php:339 [escritura] | backend/app/Http/Controllers/Comisiones/ComisionController.php:344 [escritura] | backend/app/Http/Controllers/Comisiones/ComisionController.php:366 [escritura] | backend/app/Http/Controllers/Comisiones/ComisionController.php:381 [lectura/referencia] | backend/app/Http/Controllers/Comisiones/ComisionController.php:409 [lectura/referencia] | backend/app/Http/Controllers/Comisiones/ComisionController.php:473 [escritura] | backend/app/Http/Controllers/Comisiones/ComisionController.php:478 [escritura] | backend/app/Http/Controllers/Comisiones/ComisionController.php:679 [lectura/referencia] | backend/app/Models/ComSolicitudDocumento.php:9 [declaracion_modelo]"
dbo.com_solicitud_servidor,r,conservar_uso,"Talento Humano/administración/reportes | Comisiones","escritura | relacion_modelo | declaracion_modelo",dbo.com_solicitud,,"backend/app/Http/Controllers/Comisiones/ComisionController.php:210 [escritura] | backend/app/Http/Controllers/Comisiones/ComisionController.php:280 [escritura] | backend/app/Models/ComSolicitud.php:39 [relacion_modelo] | backend/app/Models/ComSolicitudServidor.php:9 [declaracion_modelo]"
dbo.com_solicitud_transporte,r,conservar_uso,"Talento Humano/administración/reportes | Comisiones","escritura | escritura_modelo | relacion_modelo | declaracion_modelo",dbo.com_solicitud,,"backend/app/Http/Controllers/Comisiones/ComisionController.php:748 [escritura] | backend/app/Http/Controllers/Comisiones/ComisionController.php:750 [escritura_modelo] | backend/app/Models/ComSolicitud.php:44 [relacion_modelo] | backend/app/Models/ComSolicitudTransporte.php:9 [declaracion_modelo]"
dbo.com_tarifa_viatico,r,conservar_uso,"Talento Humano/administración/reportes | Comisiones | Export original","lectura/referencia | lectura_modelo | escritura_modelo | escritura_instancia_modelo | declaracion_modelo | export_original",,,"backend/app/Http/Controllers/Comisiones/LiquidacionController.php:196 [lectura/referencia] | backend/app/Http/Controllers/Comisiones/TarifaViaticosController.php:16 [lectura_modelo] | backend/app/Http/Controllers/Comisiones/TarifaViaticosController.php:28 [escritura_modelo] | backend/app/Http/Controllers/Comisiones/TarifaViaticosController.php:48 [lectura_modelo] | backend/app/Http/Controllers/Comisiones/TarifaViaticosController.php:62 [escritura_modelo] | backend/app/Http/Controllers/Comisiones/TarifaViaticosController.php:49 [escritura_instancia_modelo] | backend/app/Http/Controllers/Comisiones/TarifaViaticosController.php:49 [escritura_instancia_modelo] | backend/app/Models/ComTarifaViatico.php:9 [declaracion_modelo] | docs/tablas-datos-base-original.txt:19 [export_original]"
dbo.cord_atrasos,r,retirar,,,,,
dbo.cord_permisos,r,retirar,,,,,
dbo.cord_permisos_just,r,retirar,,,,,
dbo.d2_alerta_marcacion,r,retirar,,,"dbo.ad_empleado | dbo.d2_tipo_marcacion",,
dbo.d2_aportes_iess,r,conservar_uso,"Talento Humano/administración/reportes | Nómina/horas extras | Export original","lectura/referencia | lectura_modelo | escritura_modelo | escritura_instancia_modelo | declaracion_modelo | export_original",,,"backend/app/Http/Controllers/Admin/AportesIessController.php:76 [lectura/referencia] | backend/app/Http/Controllers/Admin/AportesIessController.php:119 [lectura/referencia] | backend/app/Http/Controllers/Admin/AportesIessController.php:134 [lectura/referencia] | backend/app/Http/Controllers/Admin/AportesIessController.php:18 [lectura_modelo] | backend/app/Http/Controllers/Admin/AportesIessController.php:26 [lectura_modelo] | backend/app/Http/Controllers/Admin/AportesIessController.php:52 [escritura_modelo] | backend/app/Http/Controllers/Admin/AportesIessController.php:56 [escritura_modelo] | backend/app/Http/Controllers/Admin/AportesIessController.php:102 [lectura_modelo] | backend/app/Http/Controllers/Admin/AportesIessController.php:130 [lectura_modelo] | backend/app/Http/Controllers/Admin/AportesIessController.php:105 [escritura_instancia_modelo] | backend/app/Http/Controllers/Admin/AportesIessController.php:132 [escritura_instancia_modelo] | backend/app/Http/Controllers/Admin/AportesIessController.php:105 [escritura_instancia_modelo] | backend/app/Http/Controllers/Admin/AportesIessController.php:132 [escritura_instancia_modelo] | backend/app/Http/Controllers/Admin/AportesIessController.php:105 [escritura_instancia_modelo] | backend/app/Http/Controllers/Admin/AportesIessController.php:132 [escritura_instancia_modelo] | backend/app/Http/Controllers/RolPagoController.php:46 [lectura/referencia] | backend/app/Models/AportesIess.php:9 [declaracion_modelo] | docs/tablas-datos-base-original.txt:20 [export_original]"
dbo.d2_auditoria,r,conservar_uso,"Talento Humano/administración/reportes",escritura,,,"backend/app/Http/Controllers/AuthController.php:70 [escritura]"
dbo.d2_auditoria_concepto,r,retirar,"Export original",export_original,,,"docs/tablas-datos-base-original.txt:21 [export_original]"
dbo.d2_aviso,r,retirar,,,,,
dbo.d2_aviso_ticker,r,conservar_uso,"Talento Humano/administración/reportes","lectura_modelo | escritura_modelo | escritura_instancia_modelo | declaracion_modelo",,,"backend/app/Http/Controllers/Admin/AvisoController.php:16 [lectura_modelo] | backend/app/Http/Controllers/Admin/AvisoController.php:23 [lectura_modelo] | backend/app/Http/Controllers/Admin/AvisoController.php:32 [escritura_modelo] | backend/app/Http/Controllers/Admin/AvisoController.php:43 [lectura_modelo] | backend/app/Http/Controllers/Admin/AvisoController.php:56 [escritura_modelo] | backend/app/Http/Controllers/Admin/AvisoController.php:45 [escritura_instancia_modelo] | backend/app/Http/Controllers/Admin/AvisoController.php:45 [escritura_instancia_modelo] | backend/app/Models/Aviso.php:8 [declaracion_modelo]"
dbo.d2_cab_prog,r,conservar_dependencia,,,,dbo.ad_empleado,
dbo.d2_cab_prog_mt,r,retirar,,,"dbo.ad_departamento | dbo.ad_empleado | dbo.d2_clasificacion",,
dbo.d2_cab_turno,r,conservar_uso,"Talento Humano/administración/reportes | Export original","lectura/referencia | lectura_modelo | escritura_modelo | escritura_instancia_modelo | declaracion_modelo | relacion_modelo | export_original",,,"backend/app/Http/Controllers/Admin/TurnoController.php:41 [lectura/referencia] | backend/app/Http/Controllers/Admin/TurnoController.php:71 [lectura/referencia] | backend/app/Http/Controllers/Admin/TurnoController.php:85 [lectura/referencia] | backend/app/Http/Controllers/Admin/TurnoController.php:17 [lectura_modelo] | backend/app/Http/Controllers/Admin/TurnoController.php:30 [lectura_modelo] | backend/app/Http/Controllers/Admin/TurnoController.php:33 [escritura_modelo] | backend/app/Http/Controllers/Admin/TurnoController.php:50 [lectura_modelo] | backend/app/Http/Controllers/Admin/TurnoController.php:57 [lectura_modelo] | backend/app/Http/Controllers/Admin/TurnoController.php:81 [lectura_modelo] | backend/app/Http/Controllers/Admin/TurnoController.php:103 [lectura_modelo] | backend/app/Http/Controllers/Admin/TurnoController.php:126 [lectura_modelo] | backend/app/Http/Controllers/Admin/TurnoController.php:64 [escritura_instancia_modelo] | backend/app/Http/Controllers/Admin/TurnoController.php:83 [escritura_instancia_modelo] | backend/app/Http/Controllers/Admin/TurnoController.php:64 [escritura_instancia_modelo] | backend/app/Http/Controllers/Admin/TurnoController.php:83 [escritura_instancia_modelo] | backend/app/Http/Controllers/Admin/TurnoController.php:64 [escritura_instancia_modelo] | backend/app/Http/Controllers/Admin/TurnoController.php:83 [escritura_instancia_modelo] | backend/app/Http/Controllers/Admin/TurnoController.php:64 [escritura_instancia_modelo] | backend/app/Http/Controllers/Admin/TurnoController.php:83 [escritura_instancia_modelo] | backend/app/Models/CabTurno.php:9 [declaracion_modelo] | backend/app/Models/Turno.php:23 [relacion_modelo] | docs/tablas-datos-base-original.txt:22 [export_original]"
dbo.d2_cabecera_vacacion,r,conservar_uso,"Talento Humano/administración/reportes | Vacaciones | Permisos","escritura_modelo | lectura_modelo | escritura_instancia_modelo | declaracion_modelo",dbo.ad_empleado,,"backend/app/Http/Controllers/EmpleadoController.php:176 [escritura_modelo] | backend/app/Http/Controllers/ImportacionController.php:302 [escritura_modelo] | backend/app/Http/Controllers/LiquidacionVacController.php:89 [lectura_modelo] | backend/app/Http/Controllers/LiquidacionVacController.php:228 [lectura_modelo] | backend/app/Http/Controllers/LiquidacionVacController.php:236 [escritura_modelo] | backend/app/Http/Controllers/PermisosController.php:450 [lectura_modelo] | backend/app/Http/Controllers/PermisosController.php:739 [lectura_modelo] | backend/app/Http/Controllers/PermisosController.php:461 [escritura_instancia_modelo] | backend/app/Http/Controllers/PermisosController.php:749 [escritura_instancia_modelo] | backend/app/Http/Controllers/PermisosController.php:461 [escritura_instancia_modelo] | backend/app/Http/Controllers/PermisosController.php:749 [escritura_instancia_modelo] | backend/app/Http/Controllers/ReporteVacacionesController.php:79 [lectura_modelo] | backend/app/Http/Controllers/ReporteVacacionesController.php:217 [lectura_modelo] | backend/app/Http/Controllers/ReporteVacacionesController.php:248 [lectura_modelo] | backend/app/Http/Controllers/ReporteVacacionesController.php:308 [escritura_modelo] | backend/app/Http/Controllers/ReporteVacacionesController.php:364 [escritura_modelo] | backend/app/Http/Controllers/ReporteVacacionesController.php:410 [lectura_modelo] | backend/app/Http/Controllers/VacacionesController.php:103 [lectura_modelo] | backend/app/Http/Controllers/VacacionesController.php:193 [lectura_modelo] | backend/app/Http/Controllers/VacacionesController.php:315 [lectura_modelo] | backend/app/Http/Controllers/VacacionesController.php:490 [lectura_modelo] | backend/app/Http/Controllers/VacacionesController.php:320 [escritura_instancia_modelo] | backend/app/Http/Controllers/VacacionesController.php:495 [escritura_instancia_modelo] | backend/app/Http/Controllers/VacacionesController.php:320 [escritura_instancia_modelo] | backend/app/Http/Controllers/VacacionesController.php:495 [escritura_instancia_modelo] | backend/app/Http/Controllers/VacacionesController.php:320 [escritura_instancia_modelo] | backend/app/Http/Controllers/VacacionesController.php:495 [escritura_instancia_modelo] | backend/app/Http/Controllers/VacacionesController.php:320 [escritura_instancia_modelo] | backend/app/Http/Controllers/VacacionesController.php:495 [escritura_instancia_modelo] | backend/app/Models/CabeceraVacacion.php:9 [declaracion_modelo] | backend/app/Services/SaldoVacacionesService.php:99 [lectura_modelo] | backend/app/Services/SaldoVacacionesService.php:129 [lectura_modelo]"
dbo.d2_cajero,r,retirar,,,,,
dbo.d2_cambio_turno,r,retirar,,,,,
dbo.d2_certificado_laboral,r,conservar_uso,"Talento Humano/administración/reportes","lectura/referencia | lectura_modelo | escritura_modelo | escritura_instancia_modelo | declaracion_modelo",,,"backend/app/Http/Controllers/CertificadoLaboralController.php:195 [lectura/referencia] | backend/app/Http/Controllers/CertificadoLaboralController.php:272 [lectura/referencia] | backend/app/Http/Controllers/CertificadoLaboralController.php:311 [lectura/referencia] | backend/app/Http/Controllers/CertificadoLaboralController.php:124 [lectura_modelo] | backend/app/Http/Controllers/CertificadoLaboralController.php:176 [lectura_modelo] | backend/app/Http/Controllers/CertificadoLaboralController.php:179 [escritura_modelo] | backend/app/Http/Controllers/CertificadoLaboralController.php:224 [lectura_modelo] | backend/app/Http/Controllers/CertificadoLaboralController.php:243 [lectura_modelo] | backend/app/Http/Controllers/CertificadoLaboralController.php:297 [lectura_modelo] | backend/app/Http/Controllers/CertificadoLaboralController.php:331 [lectura_modelo] | backend/app/Http/Controllers/CertificadoLaboralController.php:269 [escritura_instancia_modelo] | backend/app/Http/Controllers/CertificadoLaboralController.php:303 [escritura_instancia_modelo] | backend/app/Http/Controllers/CertificadoLaboralController.php:269 [escritura_instancia_modelo] | backend/app/Http/Controllers/CertificadoLaboralController.php:303 [escritura_instancia_modelo] | backend/app/Http/Controllers/CertificadoLaboralController.php:269 [escritura_instancia_modelo] | backend/app/Http/Controllers/CertificadoLaboralController.php:303 [escritura_instancia_modelo] | backend/app/Http/Controllers/CertificadoLaboralController.php:269 [escritura_instancia_modelo] | backend/app/Http/Controllers/CertificadoLaboralController.php:303 [escritura_instancia_modelo] | backend/app/Models/CertificadoLaboral.php:10 [declaracion_modelo]"
dbo.d2_ciudad,r,retirar,"Export original",export_original,,,"docs/tablas-datos-base-original.txt:23 [export_original]"
dbo.d2_clasificacion,r,retirar,"Export original",export_original,,,"docs/tablas-datos-base-original.txt:24 [export_original]"
dbo.d2_colores_web,r,retirar,,,,,
dbo.d2_configuracion,r,conservar_uso,"Talento Humano/administración/reportes | Servicios/asistencia/autenticación | Adquisiciones | Nómina/horas extras | Vacaciones | Tecnología | Transportes | Comisiones | Export original","escritura | lectura/referencia | lectura_modelo | escritura_modelo | escritura_instancia_modelo | declaracion_modelo | export_original",dbo.ad_empleado,,"backend/app/Console/Commands/CerrarAccionesVencidas.php:52 [escritura] | backend/app/Console/Commands/ProcesarCuadre.php:35 [lectura/referencia] | backend/app/Console/Commands/ProcesarCuadre.php:256 [escritura] | backend/app/Http/Controllers/AccionPersonalController.php:145 [lectura_modelo] | backend/app/Http/Controllers/AccionPersonalController.php:213 [lectura_modelo] | backend/app/Http/Controllers/AccionPersonalController.php:270 [lectura_modelo] | backend/app/Http/Controllers/AccionPersonalController.php:387 [lectura_modelo] | backend/app/Http/Controllers/AccionPersonalController.php:434 [lectura_modelo] | backend/app/Http/Controllers/AccionPersonalController.php:609 [lectura_modelo] | backend/app/Http/Controllers/Admin/AvisoController.php:17 [lectura_modelo] | backend/app/Http/Controllers/Admin/AvisoController.php:24 [lectura_modelo] | backend/app/Http/Controllers/Admin/AvisoController.php:64 [lectura_modelo] | backend/app/Http/Controllers/Admin/AvisoController.php:68 [escritura_modelo] | backend/app/Http/Controllers/Admin/AvisoController.php:66 [escritura_instancia_modelo] | backend/app/Http/Controllers/Admin/ConfiguracionController.php:42 [lectura/referencia] | backend/app/Http/Controllers/Admin/ConfiguracionController.php:19 [lectura_modelo] | backend/app/Http/Controllers/Admin/ConfiguracionController.php:33 [lectura_modelo] | backend/app/Http/Controllers/Admin/ConfiguracionController.php:61 [lectura_modelo] | backend/app/Http/Controllers/Admin/ConfiguracionController.php:68 [escritura_modelo] | backend/app/Http/Controllers/Admin/ConfiguracionController.php:99 [escritura_modelo] | backend/app/Http/Controllers/Admin/ConfiguracionController.php:107 [lectura_modelo] | backend/app/Http/Controllers/Admin/ConfiguracionController.php:145 [lectura_modelo] | backend/app/Http/Controllers/Admin/ConfiguracionController.php:147 [escritura_modelo] | backend/app/Http/Controllers/Admin/ConfiguracionController.php:35 [escritura_instancia_modelo] | backend/app/Http/Controllers/Admin/ConfiguracionController.php:35 [escritura_instancia_modelo] | backend/app/Http/Controllers/Adquisiciones/ReporteAdqController.php:66 [lectura/referencia] | backend/app/Http/Controllers/Adquisiciones/ReporteAdqController.php:402 [lectura/referencia] | backend/app/Http/Controllers/Adquisiciones/ReporteAdqController.php:414 [lectura/referencia] | backend/app/Http/Controllers/Adquisiciones/ReporteAdqController.php:550 [lectura/referencia] | backend/app/Http/Controllers/Adquisiciones/ReporteAdqController.php:566 [lectura/referencia] | backend/app/Http/Controllers/Adquisiciones/SolicitudMaterialController.php:325 [lectura/referencia] | backend/app/Http/Controllers/AsistenciaController.php:38 [lectura/referencia] | backend/app/Http/Controllers/AsistenciaController.php:46 [lectura/referencia] | backend/app/Http/Controllers/CertificadoLaboralController.php:84 [lectura/referencia] | backend/app/Http/Controllers/Comisiones/ComisionController.php:562 [lectura/referencia] | backend/app/Http/Controllers/Comisiones/LiquidacionController.php:187 [lectura/referencia] | backend/app/Http/Controllers/DashboardController.php:286 [lectura_modelo] | backend/app/Http/Controllers/HorasExtrasController.php:593 [lectura_modelo] | backend/app/Http/Controllers/HorasExtrasController.php:642 [lectura_modelo] | backend/app/Http/Controllers/LiquidacionVacController.php:300 [lectura_modelo] | backend/app/Http/Controllers/LiquidacionVacController.php:301 [lectura_modelo] | backend/app/Http/Controllers/LiquidacionVacController.php:303 [lectura_modelo] | backend/app/Http/Controllers/LotaipController.php:29 [lectura/referencia] | backend/app/Http/Controllers/PlanificacionVacController.php:116 [lectura_modelo] | backend/app/Http/Controllers/PlanificacionVacController.php:156 [lectura_modelo] | backend/app/Http/Controllers/ReportePlanificacionController.php:85 [lectura_modelo] | backend/app/Http/Controllers/ReportePlanificacionController.php:178 [lectura_modelo] | backend/app/Http/Controllers/ReporteVacacionesController.php:102 [lectura_modelo] | backend/app/Http/Controllers/ReporteVacacionesController.php:379 [escritura_modelo] | backend/app/Http/Controllers/ReporteVacacionesController.php:427 [lectura_modelo] | backend/app/Http/Controllers/ReportesController.php:111 [lectura/referencia] | backend/app/Http/Controllers/ReportesController.php:178 [lectura/referencia] | backend/app/Http/Controllers/ReportesController.php:316 [lectura/referencia] | backend/app/Http/Controllers/ReportesController.php:370 [lectura/referencia] | backend/app/Http/Controllers/ReportesController.php:524 [lectura/referencia] | backend/app/Http/Controllers/ReportesController.php:583 [lectura/referencia] | backend/app/Http/Controllers/Tecnologia/ReporteEquipoController.php:148 [lectura_modelo] | backend/app/Http/Controllers/Transporte/ReporteTransporteController.php:69 [lectura/referencia] | backend/app/Http/Controllers/Transporte/ReporteTransporteController.php:131 [lectura/referencia] | backend/app/Http/Controllers/Transporte/ReporteTransporteController.php:200 [lectura/referencia] | backend/app/Http/Controllers/Transporte/ReporteTransporteController.php:257 [lectura/referencia] | backend/app/Http/Controllers/Transporte/ReporteTransporteController.php:317 [lectura/referencia] | backend/app/Http/Controllers/Transporte/ReporteTransporteController.php:373 [lectura/referencia] | backend/app/Http/Controllers/Transporte/ValeController.php:60 [lectura/referencia] | backend/app/Models/Configuracion.php:9 [declaracion_modelo] | backend/app/Services/MarcacionService.php:38 [lectura/referencia] | backend/app/Services/SaldoVacacionesService.php:76 [lectura_modelo] | backend/app/Services/UbicacionMarcacionService.php:18 [lectura/referencia] | backend/resources/views/reportes/com_ficha_exterior.blade.php:31 [lectura/referencia] | backend/resources/views/reportes/com_ficha_exterior.blade.php:32 [lectura/referencia] | backend/resources/views/reportes/com_ficha_exterior.blade.php:33 [lectura/referencia] | backend/resources/views/reportes/com_ficha_exterior.blade.php:34 [lectura/referencia] | backend/resources/views/reportes/com_ficha_interior.blade.php:31 [lectura/referencia] | backend/resources/views/reportes/com_ficha_interior.blade.php:32 [lectura/referencia] | backend/resources/views/reportes/com_ficha_interior.blade.php:33 [lectura/referencia] | backend/resources/views/reportes/com_ficha_interior.blade.php:34 [lectura/referencia] | backend/resources/views/reportes/com_informe_interior.blade.php:27 [lectura/referencia] | backend/resources/views/reportes/com_informe_interior.blade.php:28 [lectura/referencia] | backend/resources/views/reportes/com_solicitud_exterior.blade.php:32 [lectura/referencia] | backend/resources/views/reportes/com_solicitud_exterior.blade.php:33 [lectura/referencia] | backend/resources/views/reportes/com_solicitud_interior.blade.php:32 [lectura/referencia] | backend/resources/views/reportes/com_solicitud_interior.blade.php:33 [lectura/referencia] | backend/resources/views/reportes/com_solicitud_interior.blade.php:34 [lectura/referencia] | backend/resources/views/reportes/nom_consolidado.blade.php:35 [lectura_modelo] | backend/resources/views/reportes/nom_decimo_cuarto.blade.php:32 [lectura_modelo] | backend/resources/views/reportes/nom_decimo_tercero.blade.php:37 [lectura_modelo] | backend/resources/views/reportes/nom_fondos_reserva.blade.php:34 [lectura_modelo] | backend/resources/views/reportes/nom_rol_pago.blade.php:34 [lectura_modelo] | backend/resources/views/reportes/nom_rol_pago_resumenes.blade.php:35 [lectura_modelo] | backend/resources/views/reportes/ti_acta_mantenimiento.blade.php:32 [lectura_modelo] | backend/resources/views/reportes/ti_acta_mantenimiento_externo.blade.php:31 [lectura_modelo] | backend/resources/views/reportes/trans_orden_movilizacion.blade.php:28 [lectura_modelo] | backend/resources/views/reportes/trans_orden_trabajo.blade.php:28 [lectura_modelo] | backend/routes/api.php:48 [lectura/referencia] | docs/tablas-datos-base-original.txt:25 [export_original]"
dbo.d2_consumo_lugar,r,retirar,"Export original",export_original,,,"docs/tablas-datos-base-original.txt:26 [export_original]"
dbo.d2_consumo_temporal,r,retirar,,,,,
dbo.d2_contratista,r,retirar,"Export original",export_original,,,"docs/tablas-datos-base-original.txt:27 [export_original]"
dbo.d2_correo,r,retirar,,,dbo.ad_empleado,,
dbo.d2_costo_consumo,r,retirar,"Export original",export_original,,,"docs/tablas-datos-base-original.txt:28 [export_original]"
dbo.d2_cuadre_marcacion,r,conservar_uso,"Servicios/asistencia/autenticación | Talento Humano/administración/reportes | Permisos","escritura | lectura/referencia | lectura_join",,,"backend/app/Console/Commands/ProcesarCuadre.php:210 [escritura] | backend/app/Http/Controllers/AsistenciaController.php:165 [lectura/referencia] | backend/app/Http/Controllers/AsistenciaController.php:250 [lectura_join] | backend/app/Http/Controllers/AsistenciaController.php:256 [lectura_join] | backend/app/Http/Controllers/CuadreController.php:33 [lectura/referencia] | backend/app/Http/Controllers/CuadreController.php:50 [lectura/referencia] | backend/app/Http/Controllers/DashboardController.php:131 [lectura/referencia] | backend/app/Http/Controllers/DashboardController.php:236 [lectura/referencia] | backend/app/Http/Controllers/DashboardController.php:364 [lectura/referencia] | backend/app/Http/Controllers/PermisosController.php:191 [lectura/referencia] | backend/app/Http/Controllers/ReportesController.php:25 [lectura/referencia]"
dbo.d2_cuadre_ronda,r,retirar,,,,,
dbo.d2_detalle_vacacion,r,conservar_uso,Vacaciones,"lectura_modelo | declaracion_modelo",dbo.d2_cabecera_vacacion,,"backend/app/Http/Controllers/VacacionesController.php:104 [lectura_modelo] | backend/app/Models/DetalleVacacion.php:9 [declaracion_modelo]"
dbo.d2_direcciones_mail,r,retirar,,,"dbo.ad_empleado | dbo.d2_tipo_correo",,
dbo.d2_empresa,r,retirar,"Export original",export_original,,,"docs/tablas-datos-base-original.txt:29 [export_original]"
dbo.d2_entidad_contratante,r,retirar,"Export original",export_original,,,"docs/tablas-datos-base-original.txt:30 [export_original]"
dbo.d2_estadistica_cab,r,retirar,,,dbo.ad_empleado,,
dbo.d2_estadistica_detalle,r,retirar,,,dbo.d2_estadistica_cab,,
dbo.d2_fecha,r,retirar,"Export original",export_original,"dbo.ad_departamento | dbo.d2_jornada",,"docs/tablas-datos-base-original.txt:31 [export_original]"
dbo.d2_fecha_corte,r,retirar,"Export original",export_original,,,"docs/tablas-datos-base-original.txt:32 [export_original]"
dbo.d2_grupo_ronda,r,retirar,"Export original",export_original,,,"docs/tablas-datos-base-original.txt:33 [export_original]"
dbo.d2_historial_elim,r,retirar,,,,,
dbo.d2_horas_extras,r,retirar,,,dbo.ad_empleado,,
dbo.d2_horas_extras_peticion,r,retirar,,,,,
dbo.d2_imagenes_asociadas,r,retirar,,,dbo.ad_empleado,,
dbo.d2_integracion,r,retirar,,,,,
dbo.d2_intentos_cajero,r,retirar,,,,,
dbo.d2_jornada,r,conservar_uso,"Nómina/horas extras | Talento Humano/administración/reportes | Export original","lectura_modelo | escritura_modelo | escritura_instancia_modelo | relacion_modelo | declaracion_modelo | export_original",,,"backend/app/Http/Controllers/HorasExtrasController.php:591 [lectura_modelo] | backend/app/Http/Controllers/HorasExtrasController.php:981 [lectura_modelo] | backend/app/Http/Controllers/JornadaController.php:12 [lectura_modelo] | backend/app/Http/Controllers/JornadaController.php:24 [lectura_modelo] | backend/app/Http/Controllers/JornadaController.php:28 [escritura_modelo] | backend/app/Http/Controllers/JornadaController.php:35 [lectura_modelo] | backend/app/Http/Controllers/JornadaController.php:42 [lectura_modelo] | backend/app/Http/Controllers/JornadaController.php:53 [lectura_modelo] | backend/app/Http/Controllers/JornadaController.php:46 [escritura_instancia_modelo] | backend/app/Http/Controllers/JornadaController.php:54 [escritura_instancia_modelo] | backend/app/Http/Controllers/JornadaController.php:46 [escritura_instancia_modelo] | backend/app/Http/Controllers/JornadaController.php:54 [escritura_instancia_modelo] | backend/app/Http/Controllers/JornadaController.php:46 [escritura_instancia_modelo] | backend/app/Http/Controllers/JornadaController.php:54 [escritura_instancia_modelo] | backend/app/Http/Controllers/JornadaController.php:46 [escritura_instancia_modelo] | backend/app/Http/Controllers/JornadaController.php:54 [escritura_instancia_modelo] | backend/app/Models/Empleado.php:80 [relacion_modelo] | backend/app/Models/Jornada.php:9 [declaracion_modelo] | docs/tablas-datos-base-original.txt:34 [export_original]"
dbo.d2_lista_fecha,r,conservar_uso,"Talento Humano/administración/reportes | Nómina/horas extras | Export original","lectura/referencia | lectura_modelo | escritura_modelo | escritura_instancia_modelo | declaracion_modelo | export_original",,,"backend/app/Http/Controllers/Admin/CalendarioController.php:75 [lectura/referencia] | backend/app/Http/Controllers/Admin/CalendarioController.php:125 [lectura/referencia] | backend/app/Http/Controllers/Admin/CalendarioController.php:142 [lectura/referencia] | backend/app/Http/Controllers/Admin/CalendarioController.php:202 [lectura/referencia] | backend/app/Http/Controllers/Admin/CalendarioController.php:19 [lectura_modelo] | backend/app/Http/Controllers/Admin/CalendarioController.php:53 [lectura_modelo] | backend/app/Http/Controllers/Admin/CalendarioController.php:63 [escritura_modelo] | backend/app/Http/Controllers/Admin/CalendarioController.php:86 [lectura_modelo] | backend/app/Http/Controllers/Admin/CalendarioController.php:102 [lectura_modelo] | backend/app/Http/Controllers/Admin/CalendarioController.php:136 [lectura_modelo] | backend/app/Http/Controllers/Admin/CalendarioController.php:182 [lectura_modelo] | backend/app/Http/Controllers/Admin/CalendarioController.php:187 [escritura_modelo] | backend/app/Http/Controllers/Admin/CalendarioController.php:115 [escritura_instancia_modelo] | backend/app/Http/Controllers/Admin/CalendarioController.php:140 [escritura_instancia_modelo] | backend/app/Http/Controllers/Admin/CalendarioController.php:115 [escritura_instancia_modelo] | backend/app/Http/Controllers/Admin/CalendarioController.php:140 [escritura_instancia_modelo] | backend/app/Http/Controllers/HorasExtrasController.php:79 [lectura/referencia] | backend/app/Http/Controllers/ReportesController.php:198 [lectura/referencia] | backend/app/Models/ListaFecha.php:9 [declaracion_modelo] | docs/tablas-datos-base-original.txt:35 [export_original]"
dbo.d2_lista_fecha_1,r,retirar,"Export original",export_original,,,"docs/tablas-datos-base-original.txt:36 [export_original]"
dbo.d2_lista_servicio,r,retirar,"Export original",export_original,,,"docs/tablas-datos-base-original.txt:37 [export_original]"
dbo.d2_log_correo,r,retirar,,,dbo.ad_empleado,,
dbo.d2_lugar_consumo,r,retirar,"Export original",export_original,dbo.d2_ubicacion,,"docs/tablas-datos-base-original.txt:38 [export_original]"
dbo.d2_marcacion_temporal,r,retirar,,,,,
dbo.d2_modalidad_laboral,r,conservar_uso,"Talento Humano/administración/reportes | Vacaciones | Export original","lectura/referencia | lectura_modelo | escritura_modelo | escritura_instancia_modelo | declaracion_modelo | export_original",,,"backend/app/Http/Controllers/Admin/ModalidadLaboralController.php:44 [lectura/referencia] | backend/app/Http/Controllers/Admin/ModalidadLaboralController.php:70 [lectura/referencia] | backend/app/Http/Controllers/Admin/ModalidadLaboralController.php:16 [lectura_modelo] | backend/app/Http/Controllers/Admin/ModalidadLaboralController.php:26 [lectura_modelo] | backend/app/Http/Controllers/Admin/ModalidadLaboralController.php:33 [escritura_modelo] | backend/app/Http/Controllers/Admin/ModalidadLaboralController.php:35 [lectura_modelo] | backend/app/Http/Controllers/Admin/ModalidadLaboralController.php:53 [lectura_modelo] | backend/app/Http/Controllers/Admin/ModalidadLaboralController.php:63 [escritura_instancia_modelo] | backend/app/Http/Controllers/Admin/ModalidadLaboralController.php:63 [escritura_instancia_modelo] | backend/app/Http/Controllers/DashboardController.php:254 [lectura_modelo] | backend/app/Http/Controllers/LiquidacionVacController.php:39 [lectura_modelo] | backend/app/Http/Controllers/LiquidacionVacController.php:40 [lectura_modelo] | backend/app/Http/Controllers/LiquidacionVacController.php:41 [lectura_modelo] | backend/app/Http/Controllers/LiquidacionVacController.php:42 [lectura_modelo] | backend/app/Http/Controllers/LiquidacionVacController.php:71 [lectura_modelo] | backend/app/Http/Controllers/ReporteVacacionesController.php:224 [lectura_modelo] | backend/app/Http/Controllers/ReporteVacacionesController.php:259 [lectura_modelo] | backend/app/Http/Controllers/ReporteVacacionesController.php:420 [lectura_modelo] | backend/app/Http/Controllers/VacacionesController.php:117 [lectura_modelo] | backend/app/Http/Controllers/VacacionesController.php:206 [lectura_modelo] | backend/app/Models/ModalidadLaboral.php:8 [declaracion_modelo] | docs/tablas-datos-base-original.txt:39 [export_original]"
dbo.d2_nac_d2express,r,retirar,,,,,
dbo.d2_no_aplica,r,retirar,,,,,
dbo.d2_no_programados,r,retirar,,,,,
dbo.d2_nomina_cierre,r,retirar,,,,,
dbo.d2_pantalla,r,retirar,"Export original",export_original,,,"docs/tablas-datos-base-original.txt:40 [export_original]"
dbo.d2_pantalla_empleado,r,retirar,,,"dbo.ad_empleado | dbo.d2_pantalla",,
dbo.d2_permiso,r,conservar_uso,"Servicios/asistencia/autenticación | Talento Humano/administración/reportes | Permisos","lectura/referencia | escritura | lectura_modelo | escritura_modelo | escritura_instancia_modelo | declaracion_modelo",dbo.ad_empleado,,"backend/app/Console/Commands/ProcesarCuadre.php:105 [lectura/referencia] | backend/app/Http/Controllers/AsistenciaController.php:172 [lectura/referencia] | backend/app/Http/Controllers/DashboardController.php:88 [lectura/referencia] | backend/app/Http/Controllers/DashboardController.php:137 [lectura/referencia] | backend/app/Http/Controllers/DashboardController.php:146 [lectura/referencia] | backend/app/Http/Controllers/DashboardController.php:174 [lectura/referencia] | backend/app/Http/Controllers/DashboardController.php:328 [lectura/referencia] | backend/app/Http/Controllers/DashboardController.php:369 [lectura/referencia] | backend/app/Http/Controllers/DashboardController.php:377 [lectura/referencia] | backend/app/Http/Controllers/DashboardController.php:385 [lectura/referencia] | backend/app/Http/Controllers/PermisosController.php:343 [lectura/referencia] | backend/app/Http/Controllers/PermisosController.php:464 [escritura] | backend/app/Http/Controllers/PermisosController.php:477 [lectura/referencia] | backend/app/Http/Controllers/PermisosController.php:528 [lectura/referencia] | backend/app/Http/Controllers/PermisosController.php:567 [lectura/referencia] | backend/app/Http/Controllers/PermisosController.php:765 [lectura/referencia] | backend/app/Http/Controllers/PermisosController.php:793 [lectura/referencia] | backend/app/Http/Controllers/PermisosController.php:125 [lectura_modelo] | backend/app/Http/Controllers/PermisosController.php:279 [lectura_modelo] | backend/app/Http/Controllers/PermisosController.php:318 [escritura_modelo] | backend/app/Http/Controllers/PermisosController.php:356 [lectura_modelo] | backend/app/Http/Controllers/PermisosController.php:398 [lectura_modelo] | backend/app/Http/Controllers/PermisosController.php:496 [lectura_modelo] | backend/app/Http/Controllers/PermisosController.php:546 [lectura_modelo] | backend/app/Http/Controllers/PermisosController.php:579 [lectura_modelo] | backend/app/Http/Controllers/PermisosController.php:599 [lectura_modelo] | backend/app/Http/Controllers/PermisosController.php:649 [lectura_modelo] | backend/app/Http/Controllers/PermisosController.php:675 [lectura_modelo] | backend/app/Http/Controllers/PermisosController.php:716 [lectura_modelo] | backend/app/Http/Controllers/PermisosController.php:424 [escritura_instancia_modelo] | backend/app/Http/Controllers/PermisosController.php:522 [escritura_instancia_modelo] | backend/app/Http/Controllers/PermisosController.php:562 [escritura_instancia_modelo] | backend/app/Http/Controllers/PermisosController.php:759 [escritura_instancia_modelo] | backend/app/Http/Controllers/PermisosController.php:424 [escritura_instancia_modelo] | backend/app/Http/Controllers/PermisosController.php:522 [escritura_instancia_modelo] | backend/app/Http/Controllers/PermisosController.php:562 [escritura_instancia_modelo] | backend/app/Http/Controllers/PermisosController.php:759 [escritura_instancia_modelo] | backend/app/Http/Controllers/PermisosController.php:424 [escritura_instancia_modelo] | backend/app/Http/Controllers/PermisosController.php:522 [escritura_instancia_modelo] | backend/app/Http/Controllers/PermisosController.php:562 [escritura_instancia_modelo] | backend/app/Http/Controllers/PermisosController.php:759 [escritura_instancia_modelo] | backend/app/Http/Controllers/PermisosController.php:424 [escritura_instancia_modelo] | backend/app/Http/Controllers/PermisosController.php:522 [escritura_instancia_modelo] | backend/app/Http/Controllers/PermisosController.php:562 [escritura_instancia_modelo] | backend/app/Http/Controllers/PermisosController.php:759 [escritura_instancia_modelo] | backend/app/Http/Controllers/PermisosController.php:424 [escritura_instancia_modelo] | backend/app/Http/Controllers/PermisosController.php:522 [escritura_instancia_modelo] | backend/app/Http/Controllers/PermisosController.php:562 [escritura_instancia_modelo] | backend/app/Http/Controllers/PermisosController.php:759 [escritura_instancia_modelo] | backend/app/Http/Controllers/PermisosController.php:424 [escritura_instancia_modelo] | backend/app/Http/Controllers/PermisosController.php:522 [escritura_instancia_modelo] | backend/app/Http/Controllers/PermisosController.php:562 [escritura_instancia_modelo] | backend/app/Http/Controllers/PermisosController.php:759 [escritura_instancia_modelo] | backend/app/Http/Controllers/PermisosController.php:424 [escritura_instancia_modelo] | backend/app/Http/Controllers/PermisosController.php:522 [escritura_instancia_modelo] | backend/app/Http/Controllers/PermisosController.php:562 [escritura_instancia_modelo] | backend/app/Http/Controllers/PermisosController.php:759 [escritura_instancia_modelo] | backend/app/Http/Controllers/PermisosController.php:424 [escritura_instancia_modelo] | backend/app/Http/Controllers/PermisosController.php:522 [escritura_instancia_modelo] | backend/app/Http/Controllers/PermisosController.php:562 [escritura_instancia_modelo] | backend/app/Http/Controllers/PermisosController.php:759 [escritura_instancia_modelo] | backend/app/Http/Controllers/PermisosController.php:424 [escritura_instancia_modelo] | backend/app/Http/Controllers/PermisosController.php:522 [escritura_instancia_modelo] | backend/app/Http/Controllers/PermisosController.php:562 [escritura_instancia_modelo] | backend/app/Http/Controllers/PermisosController.php:759 [escritura_instancia_modelo] | backend/app/Http/Controllers/PermisosController.php:424 [escritura_instancia_modelo] | backend/app/Http/Controllers/PermisosController.php:522 [escritura_instancia_modelo] | backend/app/Http/Controllers/PermisosController.php:562 [escritura_instancia_modelo] | backend/app/Http/Controllers/PermisosController.php:759 [escritura_instancia_modelo] | backend/app/Http/Controllers/ReportesController.php:48 [lectura/referencia] | backend/app/Http/Controllers/ReportesController.php:56 [lectura/referencia] | backend/app/Http/Controllers/ReportesController.php:64 [lectura/referencia] | backend/app/Http/Controllers/ReportesController.php:434 [lectura/referencia] | backend/app/Http/Controllers/ReportesController.php:459 [lectura/referencia] | backend/app/Models/Permiso.php:9 [declaracion_modelo]"
dbo.d2_permiso_cajero,r,retirar,,,,,
dbo.d2_permiso_documento,r,conservar_uso,Permisos,"lectura/referencia | escritura",,,"backend/app/Http/Controllers/PermisosController.php:584 [lectura/referencia] | backend/app/Http/Controllers/PermisosController.php:634 [escritura] | backend/app/Http/Controllers/PermisosController.php:657 [lectura/referencia] | backend/app/Http/Controllers/PermisosController.php:667 [escritura] | backend/app/Http/Controllers/PermisosController.php:680 [lectura/referencia]"
dbo.d2_peticion_cuadre,r,retirar,,,,,
dbo.d2_peticion_empleado,r,retirar,,,,,
dbo.d2_prioridad_web,r,retirar,"Export original",export_original,,,"docs/tablas-datos-base-original.txt:41 [export_original]"
dbo.d2_procedencia,r,retirar,"Export original",export_original,,,"docs/tablas-datos-base-original.txt:42 [export_original]"
dbo.d2_proceso,r,retirar,,,,,
dbo.d2_programacion,r,conservar_uso,"Servicios/asistencia/autenticación | Nómina/horas extras | Permisos | Vacaciones",lectura/referencia,"dbo.d2_cab_prog | dbo.d2_cab_turno",,"backend/app/Console/Commands/ProcesarCuadre.php:54 [lectura/referencia] | backend/app/Http/Controllers/HorasExtrasController.php:49 [lectura/referencia] | backend/app/Http/Controllers/PermisosController.php:224 [lectura/referencia] | backend/app/Http/Controllers/VacacionesController.php:34 [lectura/referencia]"
dbo.d2_programacion_mt,r,retirar,,,"dbo.d2_cab_prog_mt | dbo.ad_empleado | dbo.d2_cab_turno",,
dbo.d2_programacion_ronda,r,retirar,,,,,
dbo.d2_razon,r,conservar_uso,"Talento Humano/administración/reportes | Permisos | Export original","lectura/referencia | lectura_modelo | escritura_modelo | escritura_instancia_modelo | relacion_modelo | declaracion_modelo | export_original",,,"backend/app/Http/Controllers/Admin/RazonController.php:48 [lectura/referencia] | backend/app/Http/Controllers/Admin/RazonController.php:77 [lectura/referencia] | backend/app/Http/Controllers/Admin/RazonController.php:96 [lectura/referencia] | backend/app/Http/Controllers/Admin/RazonController.php:117 [lectura/referencia] | backend/app/Http/Controllers/Admin/RazonController.php:16 [lectura_modelo] | backend/app/Http/Controllers/Admin/RazonController.php:28 [lectura_modelo] | backend/app/Http/Controllers/Admin/RazonController.php:33 [escritura_modelo] | backend/app/Http/Controllers/Admin/RazonController.php:58 [lectura_modelo] | backend/app/Http/Controllers/Admin/RazonController.php:87 [lectura_modelo] | backend/app/Http/Controllers/Admin/RazonController.php:108 [lectura_modelo] | backend/app/Http/Controllers/Admin/RazonController.php:67 [escritura_instancia_modelo] | backend/app/Http/Controllers/Admin/RazonController.php:90 [escritura_instancia_modelo] | backend/app/Http/Controllers/Admin/RazonController.php:111 [escritura_instancia_modelo] | backend/app/Http/Controllers/Admin/RazonController.php:67 [escritura_instancia_modelo] | backend/app/Http/Controllers/Admin/RazonController.php:90 [escritura_instancia_modelo] | backend/app/Http/Controllers/Admin/RazonController.php:111 [escritura_instancia_modelo] | backend/app/Http/Controllers/Admin/RazonController.php:67 [escritura_instancia_modelo] | backend/app/Http/Controllers/Admin/RazonController.php:90 [escritura_instancia_modelo] | backend/app/Http/Controllers/Admin/RazonController.php:111 [escritura_instancia_modelo] | backend/app/Http/Controllers/Admin/RazonController.php:67 [escritura_instancia_modelo] | backend/app/Http/Controllers/Admin/RazonController.php:90 [escritura_instancia_modelo] | backend/app/Http/Controllers/Admin/RazonController.php:111 [escritura_instancia_modelo] | backend/app/Http/Controllers/PermisosController.php:271 [lectura_modelo] | backend/app/Http/Controllers/PermisosController.php:779 [lectura_modelo] | backend/app/Models/Permiso.php:51 [relacion_modelo] | backend/app/Models/Razon.php:8 [declaracion_modelo] | docs/tablas-datos-base-original.txt:43 [export_original]"
dbo.d2_reingresos,r,retirar,,,,,
dbo.d2_reingresos_empl,r,retirar,,,"dbo.ad_empleado | dbo.d2_clasificacion",,
dbo.d2_reporte_prog,r,retirar,,,,,
dbo.d2_reportecomparativo,r,retirar,,,dbo.ad_empleado,,
dbo.d2_resultado,r,retirar,,,,,
dbo.d2_ronda,r,retirar,"Export original",export_original,,,"docs/tablas-datos-base-original.txt:44 [export_original]"
dbo.d2_servicios,r,retirar,,,dbo.ad_empleado_mail,,
dbo.d2_simulacion,r,retirar,,,"dbo.ad_departamento | dbo.ad_empleado",,
dbo.d2_supervisor,r,retirar,,,dbo.ad_empleado,,
dbo.d2_tipo_correo,r,retirar,"Export original",export_original,,,"docs/tablas-datos-base-original.txt:45 [export_original]"
dbo.d2_tipo_marcacion,r,retirar,"Export original",export_original,,,"docs/tablas-datos-base-original.txt:46 [export_original]"
dbo.d2_tipo_obra,r,retirar,"Export original",export_original,,,"docs/tablas-datos-base-original.txt:47 [export_original]"
dbo.d2_transaccion_depto,r,retirar,,,dbo.ad_departamento,,
dbo.d2_turno,r,conservar_uso,"Servicios/asistencia/autenticación | Talento Humano/administración/reportes | Nómina/horas extras | Permisos | Vacaciones | Export original","lectura/referencia | escritura_modelo | lectura_modelo | relacion_modelo | declaracion_modelo | export_original",dbo.d2_cab_turno,,"backend/app/Console/Commands/ProcesarCuadre.php:26 [lectura/referencia] | backend/app/Http/Controllers/Admin/TurnoController.php:121 [lectura/referencia] | backend/app/Http/Controllers/Admin/TurnoController.php:82 [escritura_modelo] | backend/app/Http/Controllers/Admin/TurnoController.php:105 [lectura_modelo] | backend/app/Http/Controllers/Admin/TurnoController.php:107 [escritura_modelo] | backend/app/Http/Controllers/Admin/TurnoController.php:113 [escritura_modelo] | backend/app/Http/Controllers/HorasExtrasController.php:57 [lectura/referencia] | backend/app/Http/Controllers/PermisosController.php:232 [lectura/referencia] | backend/app/Http/Controllers/VacacionesController.php:42 [lectura/referencia] | backend/app/Models/CabTurno.php:24 [relacion_modelo] | backend/app/Models/Turno.php:9 [declaracion_modelo] | docs/tablas-datos-base-original.txt:48 [export_original]"
dbo.d2_ubicacion,r,retirar,"Export original",export_original,,,"docs/tablas-datos-base-original.txt:49 [export_original]"
dbo.d2_vacacion,r,conservar_uso,"Talento Humano/administración/reportes | Vacaciones","lectura/referencia | lectura_modelo | escritura_modelo | escritura_instancia_modelo | declaracion_modelo",,,"backend/app/Http/Controllers/DashboardController.php:103 [lectura/referencia] | backend/app/Http/Controllers/DashboardController.php:182 [lectura/referencia] | backend/app/Http/Controllers/DashboardController.php:334 [lectura/referencia] | backend/app/Http/Controllers/ReporteVacacionesController.php:91 [lectura_modelo] | backend/app/Http/Controllers/ReportesController.php:258 [lectura/referencia] | backend/app/Http/Controllers/ReportesController.php:410 [lectura/referencia] | backend/app/Http/Controllers/VacacionesController.php:197 [lectura/referencia] | backend/app/Http/Controllers/VacacionesController.php:264 [lectura/referencia] | backend/app/Http/Controllers/VacacionesController.php:269 [lectura/referencia] | backend/app/Http/Controllers/VacacionesController.php:323 [lectura/referencia] | backend/app/Http/Controllers/VacacionesController.php:377 [lectura/referencia] | backend/app/Http/Controllers/VacacionesController.php:420 [lectura/referencia] | backend/app/Http/Controllers/VacacionesController.php:461 [lectura/referencia] | backend/app/Http/Controllers/VacacionesController.php:505 [lectura/referencia] | backend/app/Http/Controllers/VacacionesController.php:128 [lectura_modelo] | backend/app/Http/Controllers/VacacionesController.php:233 [lectura_modelo] | backend/app/Http/Controllers/VacacionesController.php:248 [escritura_modelo] | backend/app/Http/Controllers/VacacionesController.php:282 [lectura_modelo] | backend/app/Http/Controllers/VacacionesController.php:334 [lectura_modelo] | backend/app/Http/Controllers/VacacionesController.php:354 [lectura_modelo] | backend/app/Http/Controllers/VacacionesController.php:394 [lectura_modelo] | backend/app/Http/Controllers/VacacionesController.php:438 [lectura_modelo] | backend/app/Http/Controllers/VacacionesController.php:482 [lectura_modelo] | backend/app/Http/Controllers/VacacionesController.php:302 [escritura_instancia_modelo] | backend/app/Http/Controllers/VacacionesController.php:370 [escritura_instancia_modelo] | backend/app/Http/Controllers/VacacionesController.php:417 [escritura_instancia_modelo] | backend/app/Http/Controllers/VacacionesController.php:454 [escritura_instancia_modelo] | backend/app/Http/Controllers/VacacionesController.php:498 [escritura_instancia_modelo] | backend/app/Http/Controllers/VacacionesController.php:302 [escritura_instancia_modelo] | backend/app/Http/Controllers/VacacionesController.php:370 [escritura_instancia_modelo] | backend/app/Http/Controllers/VacacionesController.php:417 [escritura_instancia_modelo] | backend/app/Http/Controllers/VacacionesController.php:454 [escritura_instancia_modelo] | backend/app/Http/Controllers/VacacionesController.php:498 [escritura_instancia_modelo] | backend/app/Http/Controllers/VacacionesController.php:302 [escritura_instancia_modelo] | backend/app/Http/Controllers/VacacionesController.php:370 [escritura_instancia_modelo] | backend/app/Http/Controllers/VacacionesController.php:417 [escritura_instancia_modelo] | backend/app/Http/Controllers/VacacionesController.php:454 [escritura_instancia_modelo] | backend/app/Http/Controllers/VacacionesController.php:498 [escritura_instancia_modelo] | backend/app/Http/Controllers/VacacionesController.php:302 [escritura_instancia_modelo] | backend/app/Http/Controllers/VacacionesController.php:370 [escritura_instancia_modelo] | backend/app/Http/Controllers/VacacionesController.php:417 [escritura_instancia_modelo] | backend/app/Http/Controllers/VacacionesController.php:454 [escritura_instancia_modelo] | backend/app/Http/Controllers/VacacionesController.php:498 [escritura_instancia_modelo] | backend/app/Http/Controllers/VacacionesController.php:302 [escritura_instancia_modelo] | backend/app/Http/Controllers/VacacionesController.php:370 [escritura_instancia_modelo] | backend/app/Http/Controllers/VacacionesController.php:417 [escritura_instancia_modelo] | backend/app/Http/Controllers/VacacionesController.php:454 [escritura_instancia_modelo] | backend/app/Http/Controllers/VacacionesController.php:498 [escritura_instancia_modelo] | backend/app/Http/Controllers/VacacionesController.php:302 [escritura_instancia_modelo] | backend/app/Http/Controllers/VacacionesController.php:370 [escritura_instancia_modelo] | backend/app/Http/Controllers/VacacionesController.php:417 [escritura_instancia_modelo] | backend/app/Http/Controllers/VacacionesController.php:454 [escritura_instancia_modelo] | backend/app/Http/Controllers/VacacionesController.php:498 [escritura_instancia_modelo] | backend/app/Http/Controllers/VacacionesController.php:302 [escritura_instancia_modelo] | backend/app/Http/Controllers/VacacionesController.php:370 [escritura_instancia_modelo] | backend/app/Http/Controllers/VacacionesController.php:417 [escritura_instancia_modelo] | backend/app/Http/Controllers/VacacionesController.php:454 [escritura_instancia_modelo] | backend/app/Http/Controllers/VacacionesController.php:498 [escritura_instancia_modelo] | backend/app/Models/Vacacion.php:9 [declaracion_modelo]"
dbo.d2_vacacion_venta,r,retirar,,,,,
dbo.d2_zkteco_dispositivo,r,conservar_uso,Servicios/asistencia/autenticación,"lectura/referencia | escritura",,,"backend/app/Http/Controllers/ZktecoController.php:17 [lectura/referencia] | backend/app/Http/Controllers/ZktecoController.php:39 [lectura/referencia] | backend/app/Http/Controllers/ZktecoController.php:42 [escritura] | backend/app/Http/Controllers/ZktecoController.php:46 [escritura] | backend/app/Http/Controllers/ZktecoController.php:94 [escritura] | backend/app/Http/Controllers/ZktecoController.php:246 [lectura/referencia] | backend/app/Http/Controllers/ZktecoController.php:261 [lectura/referencia] | backend/app/Http/Controllers/ZktecoController.php:263 [escritura] | backend/app/Http/Controllers/ZktecoController.php:271 [lectura/referencia] | backend/app/Http/Controllers/ZktecoController.php:283 [lectura/referencia] | backend/app/Http/Controllers/ZktecoController.php:285 [escritura] | backend/app/Http/Controllers/ZktecoController.php:287 [lectura/referencia]"
dbo.failed_jobs,r,conservar_uso,Framework/autenticación,lectura/escritura_framework,,,"backend/config/queue.php:1 [lectura/escritura_framework]"
dbo.grupo_empleados_temp,r,retirar,,,,,
dbo.horas_extras_temp,r,retirar,,,,,
dbo.horas_extras_temp_det,r,retirar,,,,,
dbo.job_batches,r,conservar_uso,Framework/autenticación,lectura/escritura_framework,,,"backend/config/queue.php:1 [lectura/escritura_framework]"
dbo.jobs,r,conservar_uso,Framework/autenticación,lectura/escritura_framework,,,"backend/config/queue.php:1 [lectura/escritura_framework]"
dbo.migrations,r,historial_laravel,Framework/autenticación,lectura/escritura_framework,,,"backend/config/database.php:1 [lectura/escritura_framework]"
dbo.nom_auditoria_log,r,conservar_uso,"Talento Humano/administración/reportes | Nómina/horas extras | Servicios/asistencia/autenticación","escritura | lectura/referencia",,,"backend/app/Console/Commands/CerrarAccionesVencidas.php:33 [escritura] | backend/app/Http/Controllers/Admin/AuditoriaController.php:20 [lectura/referencia] | backend/app/Http/Controllers/Admin/AuditoriaController.php:80 [lectura/referencia] | backend/app/Http/Controllers/AuthController.php:31 [escritura] | backend/app/Http/Controllers/AuthController.php:79 [escritura] | backend/app/Http/Controllers/NominaController.php:114 [lectura/referencia] | backend/app/Services/AuditoriaService.php:20 [escritura]"
dbo.nom_decimo_cuarto,r,conservar_uso,"Nómina/horas extras","lectura_modelo | escritura_modelo | declaracion_modelo",dbo.ad_empleado,,"backend/app/Http/Controllers/NominaController.php:286 [lectura_modelo] | backend/app/Http/Controllers/NominaController.php:327 [lectura_modelo] | backend/app/Http/Controllers/NominaController.php:331 [escritura_modelo] | backend/app/Http/Controllers/NominaController.php:350 [escritura_modelo] | backend/app/Http/Controllers/NominaController.php:381 [lectura_modelo] | backend/app/Http/Controllers/NominaController.php:387 [escritura_modelo] | backend/app/Http/Controllers/NominaController.php:408 [lectura_modelo] | backend/app/Http/Controllers/NominaController.php:437 [lectura_modelo] | backend/app/Models/Nomina/DecimoCuarto.php:10 [declaracion_modelo]"
dbo.nom_decimo_tercero,r,conservar_uso,"Nómina/horas extras","lectura_modelo | escritura_modelo | declaracion_modelo",dbo.ad_empleado,,"backend/app/Http/Controllers/NominaController.php:138 [lectura_modelo] | backend/app/Http/Controllers/NominaController.php:170 [lectura_modelo] | backend/app/Http/Controllers/NominaController.php:174 [escritura_modelo] | backend/app/Http/Controllers/NominaController.php:194 [escritura_modelo] | backend/app/Http/Controllers/NominaController.php:226 [lectura_modelo] | backend/app/Http/Controllers/NominaController.php:232 [escritura_modelo] | backend/app/Http/Controllers/NominaController.php:253 [lectura_modelo] | backend/app/Http/Controllers/NominaController.php:433 [lectura_modelo] | backend/app/Models/Nomina/DecimoTercero.php:10 [declaracion_modelo]"
dbo.nom_fondos_reserva,r,conservar_uso,"Nómina/horas extras","lectura_modelo | escritura_modelo | declaracion_modelo",dbo.ad_empleado,,"backend/app/Http/Controllers/NominaController.php:518 [lectura_modelo] | backend/app/Http/Controllers/NominaController.php:545 [lectura_modelo] | backend/app/Http/Controllers/NominaController.php:549 [escritura_modelo] | backend/app/Http/Controllers/NominaController.php:568 [escritura_modelo] | backend/app/Http/Controllers/NominaController.php:601 [lectura_modelo] | backend/app/Http/Controllers/NominaController.php:607 [escritura_modelo] | backend/app/Http/Controllers/NominaController.php:628 [lectura_modelo] | backend/app/Models/Nomina/FondosReserva.php:10 [declaracion_modelo]"
dbo.nom_he_planificacion_cab,r,conservar_uso,"Talento Humano/administración/reportes | Nómina/horas extras","lectura/referencia | lectura_modelo | escritura_modelo | escritura_instancia_modelo | declaracion_modelo | relacion_modelo",dbo.ad_empleado,,"backend/app/Http/Controllers/DashboardController.php:160 [lectura/referencia] | backend/app/Http/Controllers/DashboardController.php:340 [lectura/referencia] | backend/app/Http/Controllers/HorasExtrasController.php:351 [lectura/referencia] | backend/app/Http/Controllers/HorasExtrasController.php:414 [lectura/referencia] | backend/app/Http/Controllers/HorasExtrasController.php:442 [lectura/referencia] | backend/app/Http/Controllers/HorasExtrasController.php:508 [lectura/referencia] | backend/app/Http/Controllers/HorasExtrasController.php:546 [lectura/referencia] | backend/app/Http/Controllers/HorasExtrasController.php:576 [lectura/referencia] | backend/app/Http/Controllers/HorasExtrasController.php:714 [lectura/referencia] | backend/app/Http/Controllers/HorasExtrasController.php:275 [lectura_modelo] | backend/app/Http/Controllers/HorasExtrasController.php:299 [lectura_modelo] | backend/app/Http/Controllers/HorasExtrasController.php:329 [escritura_modelo] | backend/app/Http/Controllers/HorasExtrasController.php:361 [lectura_modelo] | backend/app/Http/Controllers/HorasExtrasController.php:424 [lectura_modelo] | backend/app/Http/Controllers/HorasExtrasController.php:461 [lectura_modelo] | backend/app/Http/Controllers/HorasExtrasController.php:478 [lectura_modelo] | backend/app/Http/Controllers/HorasExtrasController.php:519 [lectura_modelo] | backend/app/Http/Controllers/HorasExtrasController.php:563 [lectura_modelo] | backend/app/Http/Controllers/HorasExtrasController.php:586 [lectura_modelo] | backend/app/Http/Controllers/HorasExtrasController.php:632 [lectura_modelo] | backend/app/Http/Controllers/HorasExtrasController.php:684 [lectura_modelo] | backend/app/Http/Controllers/HorasExtrasController.php:724 [lectura_modelo] | backend/app/Http/Controllers/HorasExtrasController.php:754 [lectura_modelo] | backend/app/Http/Controllers/HorasExtrasController.php:784 [lectura_modelo] | backend/app/Http/Controllers/HorasExtrasController.php:409 [escritura_instancia_modelo] | backend/app/Http/Controllers/HorasExtrasController.php:440 [escritura_instancia_modelo] | backend/app/Http/Controllers/HorasExtrasController.php:501 [escritura_instancia_modelo] | backend/app/Http/Controllers/HorasExtrasController.php:539 [escritura_instancia_modelo] | backend/app/Http/Controllers/HorasExtrasController.php:569 [escritura_instancia_modelo] | backend/app/Http/Controllers/HorasExtrasController.php:712 [escritura_instancia_modelo] | backend/app/Http/Controllers/HorasExtrasController.php:409 [escritura_instancia_modelo] | backend/app/Http/Controllers/HorasExtrasController.php:440 [escritura_instancia_modelo] | backend/app/Http/Controllers/HorasExtrasController.php:501 [escritura_instancia_modelo] | backend/app/Http/Controllers/HorasExtrasController.php:539 [escritura_instancia_modelo] | backend/app/Http/Controllers/HorasExtrasController.php:569 [escritura_instancia_modelo] | backend/app/Http/Controllers/HorasExtrasController.php:712 [escritura_instancia_modelo] | backend/app/Http/Controllers/HorasExtrasController.php:409 [escritura_instancia_modelo] | backend/app/Http/Controllers/HorasExtrasController.php:440 [escritura_instancia_modelo] | backend/app/Http/Controllers/HorasExtrasController.php:501 [escritura_instancia_modelo] | backend/app/Http/Controllers/HorasExtrasController.php:539 [escritura_instancia_modelo] | backend/app/Http/Controllers/HorasExtrasController.php:569 [escritura_instancia_modelo] | backend/app/Http/Controllers/HorasExtrasController.php:712 [escritura_instancia_modelo] | backend/app/Http/Controllers/HorasExtrasController.php:409 [escritura_instancia_modelo] | backend/app/Http/Controllers/HorasExtrasController.php:440 [escritura_instancia_modelo] | backend/app/Http/Controllers/HorasExtrasController.php:501 [escritura_instancia_modelo] | backend/app/Http/Controllers/HorasExtrasController.php:539 [escritura_instancia_modelo] | backend/app/Http/Controllers/HorasExtrasController.php:569 [escritura_instancia_modelo] | backend/app/Http/Controllers/HorasExtrasController.php:712 [escritura_instancia_modelo] | backend/app/Http/Controllers/HorasExtrasController.php:409 [escritura_instancia_modelo] | backend/app/Http/Controllers/HorasExtrasController.php:440 [escritura_instancia_modelo] | backend/app/Http/Controllers/HorasExtrasController.php:501 [escritura_instancia_modelo] | backend/app/Http/Controllers/HorasExtrasController.php:539 [escritura_instancia_modelo] | backend/app/Http/Controllers/HorasExtrasController.php:569 [escritura_instancia_modelo] | backend/app/Http/Controllers/HorasExtrasController.php:712 [escritura_instancia_modelo] | backend/app/Http/Controllers/HorasExtrasController.php:409 [escritura_instancia_modelo] | backend/app/Http/Controllers/HorasExtrasController.php:440 [escritura_instancia_modelo] | backend/app/Http/Controllers/HorasExtrasController.php:501 [escritura_instancia_modelo] | backend/app/Http/Controllers/HorasExtrasController.php:539 [escritura_instancia_modelo] | backend/app/Http/Controllers/HorasExtrasController.php:569 [escritura_instancia_modelo] | backend/app/Http/Controllers/HorasExtrasController.php:712 [escritura_instancia_modelo] | backend/app/Http/Controllers/HorasExtrasController.php:409 [escritura_instancia_modelo] | backend/app/Http/Controllers/HorasExtrasController.php:440 [escritura_instancia_modelo] | backend/app/Http/Controllers/HorasExtrasController.php:501 [escritura_instancia_modelo] | backend/app/Http/Controllers/HorasExtrasController.php:539 [escritura_instancia_modelo] | backend/app/Http/Controllers/HorasExtrasController.php:569 [escritura_instancia_modelo] | backend/app/Http/Controllers/HorasExtrasController.php:712 [escritura_instancia_modelo] | backend/app/Http/Controllers/HorasExtrasController.php:409 [escritura_instancia_modelo] | backend/app/Http/Controllers/HorasExtrasController.php:440 [escritura_instancia_modelo] | backend/app/Http/Controllers/HorasExtrasController.php:501 [escritura_instancia_modelo] | backend/app/Http/Controllers/HorasExtrasController.php:539 [escritura_instancia_modelo] | backend/app/Http/Controllers/HorasExtrasController.php:569 [escritura_instancia_modelo] | backend/app/Http/Controllers/HorasExtrasController.php:712 [escritura_instancia_modelo] | backend/app/Http/Controllers/HorasExtrasController.php:409 [escritura_instancia_modelo] | backend/app/Http/Controllers/HorasExtrasController.php:440 [escritura_instancia_modelo] | backend/app/Http/Controllers/HorasExtrasController.php:501 [escritura_instancia_modelo] | backend/app/Http/Controllers/HorasExtrasController.php:539 [escritura_instancia_modelo] | backend/app/Http/Controllers/HorasExtrasController.php:569 [escritura_instancia_modelo] | backend/app/Http/Controllers/HorasExtrasController.php:712 [escritura_instancia_modelo] | backend/app/Http/Controllers/HorasExtrasController.php:409 [escritura_instancia_modelo] | backend/app/Http/Controllers/HorasExtrasController.php:440 [escritura_instancia_modelo] | backend/app/Http/Controllers/HorasExtrasController.php:501 [escritura_instancia_modelo] | backend/app/Http/Controllers/HorasExtrasController.php:539 [escritura_instancia_modelo] | backend/app/Http/Controllers/HorasExtrasController.php:569 [escritura_instancia_modelo] | backend/app/Http/Controllers/HorasExtrasController.php:712 [escritura_instancia_modelo] | backend/app/Http/Controllers/HorasExtrasController.php:409 [escritura_instancia_modelo] | backend/app/Http/Controllers/HorasExtrasController.php:440 [escritura_instancia_modelo] | backend/app/Http/Controllers/HorasExtrasController.php:501 [escritura_instancia_modelo] | backend/app/Http/Controllers/HorasExtrasController.php:539 [escritura_instancia_modelo] | backend/app/Http/Controllers/HorasExtrasController.php:569 [escritura_instancia_modelo] | backend/app/Http/Controllers/HorasExtrasController.php:712 [escritura_instancia_modelo] | backend/app/Http/Controllers/HorasExtrasController.php:409 [escritura_instancia_modelo] | backend/app/Http/Controllers/HorasExtrasController.php:440 [escritura_instancia_modelo] | backend/app/Http/Controllers/HorasExtrasController.php:501 [escritura_instancia_modelo] | backend/app/Http/Controllers/HorasExtrasController.php:539 [escritura_instancia_modelo] | backend/app/Http/Controllers/HorasExtrasController.php:569 [escritura_instancia_modelo] | backend/app/Http/Controllers/HorasExtrasController.php:712 [escritura_instancia_modelo] | backend/app/Models/HePlanificacionCab.php:9 [declaracion_modelo] | backend/app/Models/HePlanificacionDet.php:21 [relacion_modelo] | backend/app/Models/HeRegistro.php:33 [relacion_modelo]"
dbo.nom_he_planificacion_det,r,conservar_uso,"Nómina/horas extras","escritura_modelo | relacion_modelo | declaracion_modelo",dbo.nom_he_planificacion_cab,,"backend/app/Http/Controllers/HorasExtrasController.php:343 [escritura_modelo] | backend/app/Http/Controllers/HorasExtrasController.php:399 [escritura_modelo] | backend/app/Http/Controllers/HorasExtrasController.php:401 [escritura_modelo] | backend/app/Models/HePlanificacionCab.php:37 [relacion_modelo] | backend/app/Models/HePlanificacionDet.php:9 [declaracion_modelo]"
dbo.nom_he_registro,r,conservar_uso,"Nómina/horas extras","lectura/referencia | lectura_modelo | escritura_modelo | escritura_instancia_modelo | relacion_modelo | declaracion_modelo","dbo.nom_he_planificacion_cab | dbo.ad_empleado",,"backend/app/Http/Controllers/HorasExtrasController.php:846 [lectura/referencia] | backend/app/Http/Controllers/HorasExtrasController.php:888 [lectura/referencia] | backend/app/Http/Controllers/HorasExtrasController.php:923 [lectura/referencia] | backend/app/Http/Controllers/HorasExtrasController.php:940 [lectura/referencia] | backend/app/Http/Controllers/HorasExtrasController.php:1027 [lectura/referencia] | backend/app/Http/Controllers/HorasExtrasController.php:1065 [lectura/referencia] | backend/app/Http/Controllers/HorasExtrasController.php:640 [lectura_modelo] | backend/app/Http/Controllers/HorasExtrasController.php:761 [lectura_modelo] | backend/app/Http/Controllers/HorasExtrasController.php:814 [lectura_modelo] | backend/app/Http/Controllers/HorasExtrasController.php:817 [lectura_modelo] | backend/app/Http/Controllers/HorasExtrasController.php:834 [escritura_modelo] | backend/app/Http/Controllers/HorasExtrasController.php:864 [lectura_modelo] | backend/app/Http/Controllers/HorasExtrasController.php:908 [lectura_modelo] | backend/app/Http/Controllers/HorasExtrasController.php:960 [lectura_modelo] | backend/app/Http/Controllers/HorasExtrasController.php:1000 [lectura_modelo] | backend/app/Http/Controllers/HorasExtrasController.php:1038 [lectura_modelo] | backend/app/Http/Controllers/HorasExtrasController.php:878 [escritura_instancia_modelo] | backend/app/Http/Controllers/HorasExtrasController.php:914 [escritura_instancia_modelo] | backend/app/Http/Controllers/HorasExtrasController.php:934 [escritura_instancia_modelo] | backend/app/Http/Controllers/HorasExtrasController.php:1020 [escritura_instancia_modelo] | backend/app/Http/Controllers/HorasExtrasController.php:1058 [escritura_instancia_modelo] | backend/app/Http/Controllers/HorasExtrasController.php:878 [escritura_instancia_modelo] | backend/app/Http/Controllers/HorasExtrasController.php:914 [escritura_instancia_modelo] | backend/app/Http/Controllers/HorasExtrasController.php:934 [escritura_instancia_modelo] | backend/app/Http/Controllers/HorasExtrasController.php:1020 [escritura_instancia_modelo] | backend/app/Http/Controllers/HorasExtrasController.php:1058 [escritura_instancia_modelo] | backend/app/Http/Controllers/HorasExtrasController.php:878 [escritura_instancia_modelo] | backend/app/Http/Controllers/HorasExtrasController.php:914 [escritura_instancia_modelo] | backend/app/Http/Controllers/HorasExtrasController.php:934 [escritura_instancia_modelo] | backend/app/Http/Controllers/HorasExtrasController.php:1020 [escritura_instancia_modelo] | backend/app/Http/Controllers/HorasExtrasController.php:1058 [escritura_instancia_modelo] | backend/app/Http/Controllers/HorasExtrasController.php:878 [escritura_instancia_modelo] | backend/app/Http/Controllers/HorasExtrasController.php:914 [escritura_instancia_modelo] | backend/app/Http/Controllers/HorasExtrasController.php:934 [escritura_instancia_modelo] | backend/app/Http/Controllers/HorasExtrasController.php:1020 [escritura_instancia_modelo] | backend/app/Http/Controllers/HorasExtrasController.php:1058 [escritura_instancia_modelo] | backend/app/Http/Controllers/HorasExtrasController.php:878 [escritura_instancia_modelo] | backend/app/Http/Controllers/HorasExtrasController.php:914 [escritura_instancia_modelo] | backend/app/Http/Controllers/HorasExtrasController.php:934 [escritura_instancia_modelo] | backend/app/Http/Controllers/HorasExtrasController.php:1020 [escritura_instancia_modelo] | backend/app/Http/Controllers/HorasExtrasController.php:1058 [escritura_instancia_modelo] | backend/app/Models/HePlanificacionCab.php:42 [relacion_modelo] | backend/app/Models/HeRegistro.php:9 [declaracion_modelo]"
dbo.nom_rol_pago_cab,r,conservar_uso,"Nómina/horas extras","escritura | lectura/referencia | declaracion_modelo",,,"backend/app/Http/Controllers/RolPagoController.php:84 [escritura] | backend/app/Http/Controllers/RolPagoController.php:100 [lectura/referencia] | backend/app/Http/Controllers/RolPagoController.php:125 [lectura/referencia] | backend/app/Http/Controllers/RolPagoController.php:158 [lectura/referencia] | backend/app/Http/Controllers/RolPagoController.php:162 [escritura] | backend/app/Http/Controllers/RolPagoController.php:165 [escritura] | backend/app/Http/Controllers/RolPagoController.php:243 [lectura/referencia] | backend/app/Http/Controllers/RolPagoController.php:246 [lectura/referencia] | backend/app/Http/Controllers/RolPagoController.php:271 [lectura/referencia] | backend/app/Http/Controllers/RolPagoController.php:335 [lectura/referencia] | backend/app/Http/Controllers/RolPagoController.php:345 [escritura] | backend/app/Http/Controllers/RolPagoController.php:352 [lectura/referencia] | backend/app/Http/Controllers/RolPagoController.php:356 [lectura/referencia] | backend/app/Http/Controllers/RolPagoController.php:373 [lectura/referencia] | backend/app/Http/Controllers/RolPagoController.php:383 [escritura] | backend/app/Http/Controllers/RolPagoController.php:388 [lectura/referencia] | backend/app/Http/Controllers/RolPagoController.php:393 [lectura/referencia] | backend/app/Http/Controllers/RolPagoController.php:413 [lectura/referencia] | backend/app/Http/Controllers/RolPagoController.php:472 [lectura/referencia] | backend/app/Http/Controllers/RolPagoController.php:510 [lectura/referencia] | backend/app/Http/Controllers/RolPagoController.php:552 [lectura/referencia] | backend/app/Models/Nomina/RolPago.php:8 [declaracion_modelo]"
dbo.nom_rol_pago_det,r,conservar_uso,"Nómina/horas extras","lectura/referencia | escritura | declaracion_modelo","dbo.nom_rol_pago_cab | dbo.ad_empleado",,"backend/app/Http/Controllers/RolPagoController.php:58 [lectura/referencia] | backend/app/Http/Controllers/RolPagoController.php:75 [lectura/referencia] | backend/app/Http/Controllers/RolPagoController.php:161 [escritura] | backend/app/Http/Controllers/RolPagoController.php:208 [escritura] | backend/app/Http/Controllers/RolPagoController.php:268 [lectura/referencia] | backend/app/Http/Controllers/RolPagoController.php:291 [escritura] | backend/app/Http/Controllers/RolPagoController.php:309 [lectura/referencia] | backend/app/Http/Controllers/RolPagoController.php:324 [lectura/referencia] | backend/app/Http/Controllers/RolPagoController.php:435 [lectura/referencia] | backend/app/Http/Controllers/RolPagoController.php:455 [escritura] | backend/app/Http/Controllers/RolPagoController.php:486 [lectura/referencia] | backend/app/Http/Controllers/RolPagoController.php:515 [lectura/referencia] | backend/app/Models/Nomina/RolPagoDet.php:9 [declaracion_modelo]"
dbo.nom_sbu_historico,r,conservar_uso,"Nómina/horas extras | Export original","lectura_modelo | escritura_modelo | declaracion_modelo | export_original",,,"backend/app/Http/Controllers/NominaController.php:73 [lectura_modelo] | backend/app/Http/Controllers/NominaController.php:87 [lectura_modelo] | backend/app/Http/Controllers/NominaController.php:89 [escritura_modelo] | backend/app/Http/Controllers/NominaController.php:295 [lectura_modelo] | backend/app/Http/Controllers/NominaController.php:320 [lectura_modelo] | backend/app/Models/Nomina/SbuHistorico.php:9 [declaracion_modelo] | docs/tablas-datos-base-original.txt:50 [export_original]"
dbo.password_reset_tokens,r,conservar_uso,Framework/autenticación,lectura/escritura_framework,,,"backend/config/auth.php:1 [lectura/escritura_framework]"
dbo.personal_access_tokens,r,retirar,,,,,
dbo.reportefaltas,r,retirar,,,,,
dbo.sessions,r,conservar_uso,Framework/autenticación,lectura/escritura_framework,,,"backend/config/session.php:1 [lectura/escritura_framework]"
dbo.sg_control_persona,r,conservar_uso,"Servicios/asistencia/autenticación | Talento Humano/administración/reportes","lectura/referencia | escritura | lectura_modelo | declaracion_modelo | escritura_modelo",dbo.ad_empleado,,"backend/app/Console/Commands/ProcesarCuadre.php:78 [lectura/referencia] | backend/app/Console/Commands/ProcesarCuadre.php:245 [escritura] | backend/app/Http/Controllers/AsistenciaController.php:158 [lectura/referencia] | backend/app/Http/Controllers/AsistenciaController.php:19 [lectura_modelo] | backend/app/Http/Controllers/AsistenciaController.php:98 [lectura_modelo] | backend/app/Http/Controllers/AsistenciaController.php:136 [lectura_modelo] | backend/app/Http/Controllers/DashboardController.php:168 [lectura/referencia] | backend/app/Http/Controllers/ReportesController.php:241 [lectura/referencia] | backend/app/Http/Controllers/ZktecoController.php:130 [lectura/referencia] | backend/app/Http/Controllers/ZktecoController.php:139 [lectura/referencia] | backend/app/Http/Controllers/ZktecoController.php:159 [escritura] | backend/app/Models/SgControlPersona.php:9 [declaracion_modelo] | backend/app/Services/MarcacionService.php:71 [lectura/referencia] | backend/app/Services/MarcacionService.php:46 [lectura_modelo] | backend/app/Services/MarcacionService.php:57 [escritura_modelo]"
dbo.sg_huella_digital,r,retirar,,,dbo.ad_empleado,,
dbo.sg_parametro,r,retirar,"Export original",export_original,,,"docs/tablas-datos-base-original.txt:51 [export_original]"
dbo.sg_secuencial,r,retirar,"Export original",export_original,,,"docs/tablas-datos-base-original.txt:52 [export_original]"
dbo.sg_transaccion,r,retirar,"Export original",export_original,,,"docs/tablas-datos-base-original.txt:53 [export_original]"
dbo.sg_transaccion_adicional,r,retirar,"Export original",export_original,dbo.sg_transaccion,,"docs/tablas-datos-base-original.txt:54 [export_original]"
dbo.sms_mensaje,r,retirar,,,,,
dbo.supervisor_area,r,conservar_uso,"Adquisiciones | Talento Humano/administración/reportes | Nómina/horas extras | Permisos | Vacaciones | Comisiones","lectura_modelo | lectura/referencia | escritura_modelo | escritura_instancia_modelo | relacion_modelo | declaracion_modelo","dbo.ad_departamento | dbo.ad_empleado",,"backend/app/Http/Controllers/Adquisiciones/SolicitudMaterialController.php:19 [lectura_modelo] | backend/app/Http/Controllers/Adquisiciones/SolicitudMaterialController.php:33 [lectura_modelo] | backend/app/Http/Controllers/Comisiones/ComisionController.php:55 [lectura/referencia] | backend/app/Http/Controllers/Comisiones/ComisionController.php:90 [lectura/referencia] | backend/app/Http/Controllers/Comisiones/ComisionController.php:104 [lectura/referencia] | backend/app/Http/Controllers/Comisiones/ComisionController.php:125 [lectura/referencia] | backend/app/Http/Controllers/DashboardController.php:22 [lectura_modelo] | backend/app/Http/Controllers/DashboardController.php:33 [lectura_modelo] | backend/app/Http/Controllers/DashboardController.php:52 [lectura_modelo] | backend/app/Http/Controllers/DashboardController.php:317 [lectura_modelo] | backend/app/Http/Controllers/HorasExtrasController.php:135 [lectura_modelo] | backend/app/Http/Controllers/HorasExtrasController.php:143 [lectura_modelo] | backend/app/Http/Controllers/HorasExtrasController.php:159 [lectura_modelo] | backend/app/Http/Controllers/HorasExtrasController.php:171 [lectura_modelo] | backend/app/Http/Controllers/PermisosController.php:80 [lectura_modelo] | backend/app/Http/Controllers/PermisosController.php:96 [lectura_modelo] | backend/app/Http/Controllers/PermisosController.php:111 [lectura_modelo] | backend/app/Http/Controllers/PlanificacionVacController.php:27 [lectura_modelo] | backend/app/Http/Controllers/PlanificacionVacController.php:45 [lectura_modelo] | backend/app/Http/Controllers/PlanificacionVacController.php:56 [lectura_modelo] | backend/app/Http/Controllers/SupervisorController.php:109 [lectura/referencia] | backend/app/Http/Controllers/SupervisorController.php:130 [lectura/referencia] | backend/app/Http/Controllers/SupervisorController.php:19 [lectura_modelo] | backend/app/Http/Controllers/SupervisorController.php:44 [lectura_modelo] | backend/app/Http/Controllers/SupervisorController.php:101 [escritura_modelo] | backend/app/Http/Controllers/SupervisorController.php:125 [lectura_modelo] | backend/app/Http/Controllers/SupervisorController.php:146 [lectura_modelo] | backend/app/Http/Controllers/SupervisorController.php:128 [escritura_instancia_modelo] | backend/app/Http/Controllers/SupervisorController.php:128 [escritura_instancia_modelo] | backend/app/Http/Controllers/SupervisorController.php:128 [escritura_instancia_modelo] | backend/app/Http/Controllers/VacacionesController.php:24 [lectura_modelo] | backend/app/Http/Controllers/VacacionesController.php:61 [lectura_modelo] | backend/app/Http/Controllers/VacacionesController.php:72 [lectura_modelo] | backend/app/Models/Departamento.php:28 [relacion_modelo] | backend/app/Models/Supervisor.php:9 [declaracion_modelo] | backend/resources/views/reportes/com_informe_exterior.blade.php:26 [lectura/referencia] | backend/resources/views/reportes/com_informe_interior.blade.php:29 [lectura/referencia]"
dbo.ti_actividad_mantenimiento,r,conservar_uso,"Tecnología | Export original","lectura_modelo | escritura_modelo | escritura_instancia_modelo | declaracion_modelo | relacion_modelo | export_original",,,"backend/app/Http/Controllers/Tecnologia/ActividadMantenimientoController.php:15 [lectura_modelo] | backend/app/Http/Controllers/Tecnologia/ActividadMantenimientoController.php:21 [lectura_modelo] | backend/app/Http/Controllers/Tecnologia/ActividadMantenimientoController.php:32 [escritura_modelo] | backend/app/Http/Controllers/Tecnologia/ActividadMantenimientoController.php:44 [lectura_modelo] | backend/app/Http/Controllers/Tecnologia/ActividadMantenimientoController.php:52 [escritura_instancia_modelo] | backend/app/Http/Controllers/Tecnologia/ActividadMantenimientoController.php:52 [escritura_instancia_modelo] | backend/app/Http/Controllers/Tecnologia/MantenimientoController.php:83 [lectura_modelo] | backend/app/Models/Tecnologia/ActividadMantenimiento.php:9 [declaracion_modelo] | backend/app/Models/Tecnologia/MantenimientoDetalle.php:16 [relacion_modelo] | docs/tablas-datos-base-original.txt:55 [export_original]"
dbo.ti_asignacion,r,conservar_uso,Tecnología,"escritura_modelo | lectura_modelo | escritura_instancia_modelo | declaracion_modelo | relacion_modelo","dbo.ti_equipo | dbo.ad_empleado",,"backend/app/Http/Controllers/Tecnologia/EquipoController.php:154 [escritura_modelo] | backend/app/Http/Controllers/Tecnologia/EquipoController.php:186 [lectura_modelo] | backend/app/Http/Controllers/Tecnologia/EquipoController.php:212 [lectura_modelo] | backend/app/Http/Controllers/Tecnologia/EquipoController.php:188 [escritura_instancia_modelo] | backend/app/Http/Controllers/Tecnologia/MantenimientoController.php:180 [lectura_modelo] | backend/app/Http/Controllers/Tecnologia/MantenimientoController.php:284 [lectura_modelo] | backend/app/Models/Tecnologia/Asignacion.php:10 [declaracion_modelo] | backend/app/Models/Tecnologia/Equipo.php:40 [relacion_modelo] | backend/app/Models/Tecnologia/Equipo.php:45 [relacion_modelo]"
dbo.ti_equipo,r,conservar_uso,Tecnología,"lectura/referencia | lectura_modelo | escritura_modelo | escritura_instancia_modelo | relacion_modelo | declaracion_modelo",dbo.ti_tipo_equipo,,"backend/app/Http/Controllers/Tecnologia/EquipoController.php:163 [lectura/referencia] | backend/app/Http/Controllers/Tecnologia/EquipoController.php:198 [lectura/referencia] | backend/app/Http/Controllers/Tecnologia/EquipoController.php:243 [lectura/referencia] | backend/app/Http/Controllers/Tecnologia/EquipoController.php:263 [lectura/referencia] | backend/app/Http/Controllers/Tecnologia/EquipoController.php:27 [lectura_modelo] | backend/app/Http/Controllers/Tecnologia/EquipoController.php:59 [lectura_modelo] | backend/app/Http/Controllers/Tecnologia/EquipoController.php:63 [lectura_modelo] | backend/app/Http/Controllers/Tecnologia/EquipoController.php:67 [lectura_modelo] | backend/app/Http/Controllers/Tecnologia/EquipoController.php:99 [escritura_modelo] | backend/app/Http/Controllers/Tecnologia/EquipoController.php:113 [lectura_modelo] | backend/app/Http/Controllers/Tecnologia/EquipoController.php:143 [lectura_modelo] | backend/app/Http/Controllers/Tecnologia/EquipoController.php:174 [lectura_modelo] | backend/app/Http/Controllers/Tecnologia/EquipoController.php:209 [lectura_modelo] | backend/app/Http/Controllers/Tecnologia/EquipoController.php:222 [lectura_modelo] | backend/app/Http/Controllers/Tecnologia/EquipoController.php:254 [lectura_modelo] | backend/app/Http/Controllers/Tecnologia/EquipoController.php:366 [escritura_modelo] | backend/app/Http/Controllers/Tecnologia/EquipoController.php:129 [escritura_instancia_modelo] | backend/app/Http/Controllers/Tecnologia/EquipoController.php:161 [escritura_instancia_modelo] | backend/app/Http/Controllers/Tecnologia/EquipoController.php:196 [escritura_instancia_modelo] | backend/app/Http/Controllers/Tecnologia/EquipoController.php:235 [escritura_instancia_modelo] | backend/app/Http/Controllers/Tecnologia/EquipoController.php:261 [escritura_instancia_modelo] | backend/app/Http/Controllers/Tecnologia/EquipoController.php:129 [escritura_instancia_modelo] | backend/app/Http/Controllers/Tecnologia/EquipoController.php:161 [escritura_instancia_modelo] | backend/app/Http/Controllers/Tecnologia/EquipoController.php:196 [escritura_instancia_modelo] | backend/app/Http/Controllers/Tecnologia/EquipoController.php:235 [escritura_instancia_modelo] | backend/app/Http/Controllers/Tecnologia/EquipoController.php:261 [escritura_instancia_modelo] | backend/app/Http/Controllers/Tecnologia/EquipoController.php:129 [escritura_instancia_modelo] | backend/app/Http/Controllers/Tecnologia/EquipoController.php:161 [escritura_instancia_modelo] | backend/app/Http/Controllers/Tecnologia/EquipoController.php:196 [escritura_instancia_modelo] | backend/app/Http/Controllers/Tecnologia/EquipoController.php:235 [escritura_instancia_modelo] | backend/app/Http/Controllers/Tecnologia/EquipoController.php:261 [escritura_instancia_modelo] | backend/app/Http/Controllers/Tecnologia/EquipoController.php:129 [escritura_instancia_modelo] | backend/app/Http/Controllers/Tecnologia/EquipoController.php:161 [escritura_instancia_modelo] | backend/app/Http/Controllers/Tecnologia/EquipoController.php:196 [escritura_instancia_modelo] | backend/app/Http/Controllers/Tecnologia/EquipoController.php:235 [escritura_instancia_modelo] | backend/app/Http/Controllers/Tecnologia/EquipoController.php:261 [escritura_instancia_modelo] | backend/app/Http/Controllers/Tecnologia/EquipoController.php:129 [escritura_instancia_modelo] | backend/app/Http/Controllers/Tecnologia/EquipoController.php:161 [escritura_instancia_modelo] | backend/app/Http/Controllers/Tecnologia/EquipoController.php:196 [escritura_instancia_modelo] | backend/app/Http/Controllers/Tecnologia/EquipoController.php:235 [escritura_instancia_modelo] | backend/app/Http/Controllers/Tecnologia/EquipoController.php:261 [escritura_instancia_modelo] | backend/app/Http/Controllers/Tecnologia/EquipoController.php:129 [escritura_instancia_modelo] | backend/app/Http/Controllers/Tecnologia/EquipoController.php:161 [escritura_instancia_modelo] | backend/app/Http/Controllers/Tecnologia/EquipoController.php:196 [escritura_instancia_modelo] | backend/app/Http/Controllers/Tecnologia/EquipoController.php:235 [escritura_instancia_modelo] | backend/app/Http/Controllers/Tecnologia/EquipoController.php:261 [escritura_instancia_modelo] | backend/app/Http/Controllers/Tecnologia/EquipoController.php:129 [escritura_instancia_modelo] | backend/app/Http/Controllers/Tecnologia/EquipoController.php:161 [escritura_instancia_modelo] | backend/app/Http/Controllers/Tecnologia/EquipoController.php:196 [escritura_instancia_modelo] | backend/app/Http/Controllers/Tecnologia/EquipoController.php:235 [escritura_instancia_modelo] | backend/app/Http/Controllers/Tecnologia/EquipoController.php:261 [escritura_instancia_modelo] | backend/app/Http/Controllers/Tecnologia/MantenimientoController.php:91 [lectura_modelo] | backend/app/Http/Controllers/Tecnologia/MantenimientoController.php:231 [lectura_modelo] | backend/app/Http/Controllers/Tecnologia/MantenimientoController.php:269 [lectura_modelo] | backend/app/Http/Controllers/Tecnologia/MantenimientoController.php:236 [escritura_instancia_modelo] | backend/app/Http/Controllers/Tecnologia/ReporteEquipoController.php:23 [lectura_modelo] | backend/app/Http/Controllers/Tecnologia/ReporteEquipoController.php:54 [lectura_modelo] | backend/app/Http/Controllers/Tecnologia/ReporteEquipoController.php:55 [lectura_modelo] | backend/app/Models/Tecnologia/Asignacion.php:19 [relacion_modelo] | backend/app/Models/Tecnologia/Equipo.php:10 [declaracion_modelo] | backend/app/Models/Tecnologia/Mantenimiento.php:21 [relacion_modelo] | backend/app/Models/Tecnologia/Pieza.php:18 [relacion_modelo] | backend/app/Models/Tecnologia/PiezaMovimiento.php:23 [relacion_modelo]"
dbo.ti_mantenimiento,r,conservar_uso,Tecnología,"lectura_join | lectura/referencia | lectura_modelo | escritura_modelo | escritura_instancia_modelo | declaracion_modelo | relacion_modelo","dbo.ti_equipo | dbo.ad_empleado",,"backend/app/Http/Controllers/Tecnologia/MantenimientoController.php:94 [lectura_join] | backend/app/Http/Controllers/Tecnologia/MantenimientoController.php:241 [lectura/referencia] | backend/app/Http/Controllers/Tecnologia/MantenimientoController.php:272 [lectura_join] | backend/app/Http/Controllers/Tecnologia/MantenimientoController.php:308 [lectura/referencia] | backend/app/Http/Controllers/Tecnologia/MantenimientoController.php:120 [lectura_modelo] | backend/app/Http/Controllers/Tecnologia/MantenimientoController.php:165 [lectura_modelo] | backend/app/Http/Controllers/Tecnologia/MantenimientoController.php:185 [escritura_modelo] | backend/app/Http/Controllers/Tecnologia/MantenimientoController.php:288 [escritura_modelo] | backend/app/Http/Controllers/Tecnologia/MantenimientoController.php:322 [lectura_modelo] | backend/app/Http/Controllers/Tecnologia/MantenimientoController.php:337 [lectura_modelo] | backend/app/Http/Controllers/Tecnologia/MantenimientoController.php:363 [lectura_modelo] | backend/app/Http/Controllers/Tecnologia/MantenimientoController.php:385 [lectura_modelo] | backend/app/Http/Controllers/Tecnologia/MantenimientoController.php:406 [lectura_modelo] | backend/app/Http/Controllers/Tecnologia/MantenimientoController.php:426 [escritura_modelo] | backend/app/Http/Controllers/Tecnologia/MantenimientoController.php:437 [lectura_modelo] | backend/app/Http/Controllers/Tecnologia/MantenimientoController.php:355 [escritura_instancia_modelo] | backend/app/Http/Controllers/Tecnologia/MantenimientoController.php:355 [escritura_instancia_modelo] | backend/app/Http/Controllers/Tecnologia/MantenimientoController.php:355 [escritura_instancia_modelo] | backend/app/Http/Controllers/Tecnologia/MantenimientoController.php:355 [escritura_instancia_modelo] | backend/app/Models/Tecnologia/Mantenimiento.php:10 [declaracion_modelo] | backend/app/Models/Tecnologia/PiezaMovimiento.php:28 [relacion_modelo]"
dbo.ti_mantenimiento_detalle,r,conservar_uso,Tecnología,"escritura_modelo | relacion_modelo | declaracion_modelo","dbo.ti_actividad_mantenimiento | dbo.ti_mantenimiento",,"backend/app/Http/Controllers/Tecnologia/MantenimientoController.php:199 [escritura_modelo] | backend/app/Models/Tecnologia/Mantenimiento.php:36 [relacion_modelo] | backend/app/Models/Tecnologia/MantenimientoDetalle.php:9 [declaracion_modelo]"
dbo.ti_pieza,r,conservar_uso,Tecnología,"lectura_modelo | escritura_modelo | escritura_instancia_modelo | lectura/referencia | relacion_modelo | declaracion_modelo",dbo.ti_equipo,,"backend/app/Http/Controllers/Tecnologia/MantenimientoController.php:171 [lectura_modelo] | backend/app/Http/Controllers/Tecnologia/MantenimientoController.php:208 [lectura_modelo] | backend/app/Http/Controllers/Tecnologia/MantenimientoController.php:210 [escritura_modelo] | backend/app/Http/Controllers/Tecnologia/MantenimientoController.php:228 [escritura_instancia_modelo] | backend/app/Http/Controllers/Tecnologia/MantenimientoController.php:228 [escritura_instancia_modelo] | backend/app/Http/Controllers/Tecnologia/MantenimientoController.php:228 [escritura_instancia_modelo] | backend/app/Http/Controllers/Tecnologia/PiezaController.php:101 [lectura/referencia] | backend/app/Http/Controllers/Tecnologia/PiezaController.php:136 [lectura/referencia] | backend/app/Http/Controllers/Tecnologia/PiezaController.php:155 [lectura/referencia] | backend/app/Http/Controllers/Tecnologia/PiezaController.php:172 [lectura/referencia] | backend/app/Http/Controllers/Tecnologia/PiezaController.php:17 [lectura_modelo] | backend/app/Http/Controllers/Tecnologia/PiezaController.php:45 [escritura_modelo] | backend/app/Http/Controllers/Tecnologia/PiezaController.php:56 [lectura_modelo] | backend/app/Http/Controllers/Tecnologia/PiezaController.php:77 [lectura_modelo] | backend/app/Http/Controllers/Tecnologia/PiezaController.php:112 [lectura_modelo] | backend/app/Http/Controllers/Tecnologia/PiezaController.php:147 [lectura_modelo] | backend/app/Http/Controllers/Tecnologia/PiezaController.php:164 [lectura_modelo] | backend/app/Http/Controllers/Tecnologia/PiezaController.php:181 [lectura_modelo] | backend/app/Http/Controllers/Tecnologia/PiezaController.php:66 [escritura_instancia_modelo] | backend/app/Http/Controllers/Tecnologia/PiezaController.php:99 [escritura_instancia_modelo] | backend/app/Http/Controllers/Tecnologia/PiezaController.php:134 [escritura_instancia_modelo] | backend/app/Http/Controllers/Tecnologia/PiezaController.php:153 [escritura_instancia_modelo] | backend/app/Http/Controllers/Tecnologia/PiezaController.php:170 [escritura_instancia_modelo] | backend/app/Http/Controllers/Tecnologia/PiezaController.php:66 [escritura_instancia_modelo] | backend/app/Http/Controllers/Tecnologia/PiezaController.php:99 [escritura_instancia_modelo] | backend/app/Http/Controllers/Tecnologia/PiezaController.php:134 [escritura_instancia_modelo] | backend/app/Http/Controllers/Tecnologia/PiezaController.php:153 [escritura_instancia_modelo] | backend/app/Http/Controllers/Tecnologia/PiezaController.php:170 [escritura_instancia_modelo] | backend/app/Http/Controllers/Tecnologia/PiezaController.php:66 [escritura_instancia_modelo] | backend/app/Http/Controllers/Tecnologia/PiezaController.php:99 [escritura_instancia_modelo] | backend/app/Http/Controllers/Tecnologia/PiezaController.php:134 [escritura_instancia_modelo] | backend/app/Http/Controllers/Tecnologia/PiezaController.php:153 [escritura_instancia_modelo] | backend/app/Http/Controllers/Tecnologia/PiezaController.php:170 [escritura_instancia_modelo] | backend/app/Http/Controllers/Tecnologia/PiezaController.php:66 [escritura_instancia_modelo] | backend/app/Http/Controllers/Tecnologia/PiezaController.php:99 [escritura_instancia_modelo] | backend/app/Http/Controllers/Tecnologia/PiezaController.php:134 [escritura_instancia_modelo] | backend/app/Http/Controllers/Tecnologia/PiezaController.php:153 [escritura_instancia_modelo] | backend/app/Http/Controllers/Tecnologia/PiezaController.php:170 [escritura_instancia_modelo] | backend/app/Http/Controllers/Tecnologia/PiezaController.php:66 [escritura_instancia_modelo] | backend/app/Http/Controllers/Tecnologia/PiezaController.php:99 [escritura_instancia_modelo] | backend/app/Http/Controllers/Tecnologia/PiezaController.php:134 [escritura_instancia_modelo] | backend/app/Http/Controllers/Tecnologia/PiezaController.php:153 [escritura_instancia_modelo] | backend/app/Http/Controllers/Tecnologia/PiezaController.php:170 [escritura_instancia_modelo] | backend/app/Http/Controllers/Tecnologia/PiezaController.php:66 [escritura_instancia_modelo] | backend/app/Http/Controllers/Tecnologia/PiezaController.php:99 [escritura_instancia_modelo] | backend/app/Http/Controllers/Tecnologia/PiezaController.php:134 [escritura_instancia_modelo] | backend/app/Http/Controllers/Tecnologia/PiezaController.php:153 [escritura_instancia_modelo] | backend/app/Http/Controllers/Tecnologia/PiezaController.php:170 [escritura_instancia_modelo] | backend/app/Http/Controllers/Tecnologia/PiezaController.php:66 [escritura_instancia_modelo] | backend/app/Http/Controllers/Tecnologia/PiezaController.php:99 [escritura_instancia_modelo] | backend/app/Http/Controllers/Tecnologia/PiezaController.php:134 [escritura_instancia_modelo] | backend/app/Http/Controllers/Tecnologia/PiezaController.php:153 [escritura_instancia_modelo] | backend/app/Http/Controllers/Tecnologia/PiezaController.php:170 [escritura_instancia_modelo] | backend/app/Models/Tecnologia/Equipo.php:50 [relacion_modelo] | backend/app/Models/Tecnologia/Pieza.php:9 [declaracion_modelo] | backend/app/Models/Tecnologia/PiezaMovimiento.php:18 [relacion_modelo]"
dbo.ti_pieza_movimiento,r,conservar_uso,Tecnología,"escritura_modelo | lectura_modelo | escritura_instancia_modelo | relacion_modelo | declaracion_modelo","dbo.ti_equipo | dbo.ti_mantenimiento | dbo.ti_pieza",,"backend/app/Http/Controllers/Tecnologia/MantenimientoController.php:220 [escritura_modelo] | backend/app/Http/Controllers/Tecnologia/PiezaController.php:90 [escritura_modelo] | backend/app/Http/Controllers/Tecnologia/PiezaController.php:124 [lectura_modelo] | backend/app/Http/Controllers/Tecnologia/PiezaController.php:184 [lectura_modelo] | backend/app/Http/Controllers/Tecnologia/PiezaController.php:195 [lectura_modelo] | backend/app/Http/Controllers/Tecnologia/PiezaController.php:126 [escritura_instancia_modelo] | backend/app/Models/Tecnologia/Pieza.php:23 [relacion_modelo] | backend/app/Models/Tecnologia/PiezaMovimiento.php:9 [declaracion_modelo]"
dbo.ti_tipo_equipo,r,conservar_uso,"Tecnología | Export original","lectura_modelo | escritura_modelo | escritura_instancia_modelo | relacion_modelo | declaracion_modelo | export_original",,,"backend/app/Http/Controllers/Tecnologia/EquipoController.php:300 [lectura_modelo] | backend/app/Http/Controllers/Tecnologia/TipoEquipoController.php:15 [lectura_modelo] | backend/app/Http/Controllers/Tecnologia/TipoEquipoController.php:21 [lectura_modelo] | backend/app/Http/Controllers/Tecnologia/TipoEquipoController.php:31 [escritura_modelo] | backend/app/Http/Controllers/Tecnologia/TipoEquipoController.php:42 [lectura_modelo] | backend/app/Http/Controllers/Tecnologia/TipoEquipoController.php:49 [escritura_instancia_modelo] | backend/app/Http/Controllers/Tecnologia/TipoEquipoController.php:49 [escritura_instancia_modelo] | backend/app/Models/Tecnologia/Equipo.php:35 [relacion_modelo] | backend/app/Models/Tecnologia/TipoEquipo.php:9 [declaracion_modelo] | docs/tablas-datos-base-original.txt:56 [export_original]"
dbo.trans_mantenimiento,r,conservar_uso,Transportes,"lectura/referencia | lectura_modelo | escritura_modelo | escritura_instancia_modelo | declaracion_modelo | relacion_modelo","dbo.ad_empleado | dbo.trans_plan_preventivo_cab | adq.proveedor | dbo.trans_tipo_mantenimiento | dbo.trans_vehiculo",,"backend/app/Http/Controllers/Transporte/PlanPreventivoController.php:31 [lectura/referencia] | backend/app/Http/Controllers/Transporte/ReporteTransporteController.php:275 [lectura/referencia] | backend/app/Http/Controllers/TransporteController.php:59 [lectura/referencia] | backend/app/Http/Controllers/TransporteController.php:309 [lectura/referencia] | backend/app/Http/Controllers/TransporteController.php:322 [lectura/referencia] | backend/app/Http/Controllers/TransporteController.php:330 [lectura/referencia] | backend/app/Http/Controllers/TransporteController.php:361 [lectura/referencia] | backend/app/Http/Controllers/TransporteController.php:170 [lectura_modelo] | backend/app/Http/Controllers/TransporteController.php:196 [lectura_modelo] | backend/app/Http/Controllers/TransporteController.php:227 [lectura_modelo] | backend/app/Http/Controllers/TransporteController.php:236 [escritura_modelo] | backend/app/Http/Controllers/TransporteController.php:280 [lectura_modelo] | backend/app/Http/Controllers/TransporteController.php:293 [lectura_modelo] | backend/app/Http/Controllers/TransporteController.php:375 [lectura_modelo] | backend/app/Http/Controllers/TransporteController.php:299 [escritura_instancia_modelo] | backend/app/Http/Controllers/TransporteController.php:315 [escritura_instancia_modelo] | backend/app/Http/Controllers/TransporteController.php:328 [escritura_instancia_modelo] | backend/app/Http/Controllers/TransporteController.php:350 [escritura_instancia_modelo] | backend/app/Http/Controllers/TransporteController.php:299 [escritura_instancia_modelo] | backend/app/Http/Controllers/TransporteController.php:315 [escritura_instancia_modelo] | backend/app/Http/Controllers/TransporteController.php:328 [escritura_instancia_modelo] | backend/app/Http/Controllers/TransporteController.php:350 [escritura_instancia_modelo] | backend/app/Http/Controllers/TransporteController.php:299 [escritura_instancia_modelo] | backend/app/Http/Controllers/TransporteController.php:315 [escritura_instancia_modelo] | backend/app/Http/Controllers/TransporteController.php:328 [escritura_instancia_modelo] | backend/app/Http/Controllers/TransporteController.php:350 [escritura_instancia_modelo] | backend/app/Models/Transporte/Mantenimiento.php:11 [declaracion_modelo] | backend/app/Models/Transporte/Vehiculo.php:18 [relacion_modelo]"
dbo.trans_mantenimiento_actividad,r,conservar_uso,Transportes,"escritura_modelo | relacion_modelo | declaracion_modelo",dbo.trans_mantenimiento,,"backend/app/Http/Controllers/TransporteController.php:250 [escritura_modelo] | backend/app/Http/Controllers/TransporteController.php:263 [escritura_modelo] | backend/app/Models/Transporte/Mantenimiento.php:38 [relacion_modelo] | backend/app/Models/Transporte/MantenimientoActividad.php:9 [declaracion_modelo]"
dbo.trans_plan_preventivo_cab,r,conservar_uso,Transportes,"lectura/referencia | lectura_modelo | escritura_modelo | escritura_instancia_modelo | lectura_join | declaracion_modelo",dbo.trans_vehiculo,,"backend/app/Http/Controllers/Transporte/PlanPreventivoController.php:78 [lectura/referencia] | backend/app/Http/Controllers/Transporte/PlanPreventivoController.php:119 [lectura/referencia] | backend/app/Http/Controllers/Transporte/PlanPreventivoController.php:201 [lectura/referencia] | backend/app/Http/Controllers/Transporte/PlanPreventivoController.php:20 [lectura_modelo] | backend/app/Http/Controllers/Transporte/PlanPreventivoController.php:61 [escritura_modelo] | backend/app/Http/Controllers/Transporte/PlanPreventivoController.php:88 [lectura_modelo] | backend/app/Http/Controllers/Transporte/PlanPreventivoController.php:181 [escritura_modelo] | backend/app/Http/Controllers/Transporte/PlanPreventivoController.php:101 [escritura_instancia_modelo] | backend/app/Http/Controllers/Transporte/PlanPreventivoController.php:101 [escritura_instancia_modelo] | backend/app/Http/Controllers/Transporte/PlanPreventivoController.php:101 [escritura_instancia_modelo] | backend/app/Http/Controllers/Transporte/ReporteTransporteController.php:278 [lectura_join] | backend/app/Http/Controllers/TransporteController.php:51 [lectura/referencia] | backend/app/Http/Controllers/TransporteController.php:216 [lectura/referencia] | backend/app/Models/Transporte/PlanPreventivoCab.php:9 [declaracion_modelo]"
dbo.trans_plan_preventivo_det,r,conservar_uso,Transportes,"escritura_modelo | lectura_modelo | relacion_modelo | declaracion_modelo",dbo.trans_plan_preventivo_cab,,"backend/app/Http/Controllers/Transporte/PlanPreventivoController.php:69 [escritura_modelo] | backend/app/Http/Controllers/Transporte/PlanPreventivoController.php:107 [escritura_modelo] | backend/app/Http/Controllers/Transporte/PlanPreventivoController.php:110 [escritura_modelo] | backend/app/Http/Controllers/Transporte/PlanPreventivoController.php:188 [escritura_modelo] | backend/app/Http/Controllers/TransporteController.php:248 [lectura_modelo] | backend/app/Models/Transporte/PlanPreventivoCab.php:20 [relacion_modelo] | backend/app/Models/Transporte/PlanPreventivoDet.php:9 [declaracion_modelo]"
dbo.trans_solicitud_mov,r,conservar_uso,Transportes,"lectura/referencia | lectura_modelo | escritura_modelo | escritura_instancia_modelo | declaracion_modelo | relacion_modelo","dbo.ad_empleado | dbo.trans_vehiculo",,"backend/app/Http/Controllers/Transporte/ReporteTransporteController.php:149 [lectura/referencia] | backend/app/Http/Controllers/TransporteController.php:479 [lectura/referencia] | backend/app/Http/Controllers/TransporteController.php:492 [lectura/referencia] | backend/app/Http/Controllers/TransporteController.php:543 [lectura/referencia] | backend/app/Http/Controllers/TransporteController.php:549 [lectura/referencia] | backend/app/Http/Controllers/TransporteController.php:392 [lectura_modelo] | backend/app/Http/Controllers/TransporteController.php:428 [escritura_modelo] | backend/app/Http/Controllers/TransporteController.php:440 [lectura_modelo] | backend/app/Http/Controllers/TransporteController.php:457 [lectura_modelo] | backend/app/Http/Controllers/TransporteController.php:566 [lectura_modelo] | backend/app/Http/Controllers/TransporteController.php:470 [escritura_instancia_modelo] | backend/app/Http/Controllers/TransporteController.php:485 [escritura_instancia_modelo] | backend/app/Http/Controllers/TransporteController.php:515 [escritura_instancia_modelo] | backend/app/Http/Controllers/TransporteController.php:470 [escritura_instancia_modelo] | backend/app/Http/Controllers/TransporteController.php:485 [escritura_instancia_modelo] | backend/app/Http/Controllers/TransporteController.php:515 [escritura_instancia_modelo] | backend/app/Http/Controllers/TransporteController.php:470 [escritura_instancia_modelo] | backend/app/Http/Controllers/TransporteController.php:485 [escritura_instancia_modelo] | backend/app/Http/Controllers/TransporteController.php:515 [escritura_instancia_modelo] | backend/app/Models/Transporte/SolicitudMov.php:10 [declaracion_modelo] | backend/app/Models/Transporte/Vehiculo.php:23 [relacion_modelo]"
dbo.trans_taller,r,retirar,Transportes,declaracion_modelo,,,"backend/app/Models/Transporte/Taller.php:9 [declaracion_modelo]"
dbo.trans_tipo_mantenimiento,r,conservar_uso,"Transportes | Export original","lectura/referencia | lectura_modelo | escritura_modelo | escritura_instancia_modelo | relacion_modelo | declaracion_modelo | export_original",,,"backend/app/Http/Controllers/Transporte/TipoMantenimientoController.php:38 [lectura/referencia] | backend/app/Http/Controllers/Transporte/TipoMantenimientoController.php:60 [lectura/referencia] | backend/app/Http/Controllers/Transporte/TipoMantenimientoController.php:17 [lectura_modelo] | backend/app/Http/Controllers/Transporte/TipoMantenimientoController.php:23 [lectura_modelo] | backend/app/Http/Controllers/Transporte/TipoMantenimientoController.php:33 [escritura_modelo] | backend/app/Http/Controllers/Transporte/TipoMantenimientoController.php:47 [lectura_modelo] | backend/app/Http/Controllers/Transporte/TipoMantenimientoController.php:55 [escritura_instancia_modelo] | backend/app/Http/Controllers/Transporte/TipoMantenimientoController.php:55 [escritura_instancia_modelo] | backend/app/Http/Controllers/TransporteController.php:206 [lectura_modelo] | backend/app/Models/Transporte/Mantenimiento.php:43 [relacion_modelo] | backend/app/Models/Transporte/TipoMantenimiento.php:9 [declaracion_modelo] | docs/tablas-datos-base-original.txt:57 [export_original]"
dbo.trans_vale_combustible,r,conservar_uso,Transportes,"lectura/referencia | lectura_modelo | escritura_modelo | escritura_instancia_modelo | declaracion_modelo","dbo.ad_empleado | dbo.trans_vehiculo",,"backend/app/Http/Controllers/Transporte/ReporteTransporteController.php:27 [lectura/referencia] | backend/app/Http/Controllers/Transporte/ValeController.php:91 [lectura/referencia] | backend/app/Http/Controllers/Transporte/ValeController.php:110 [lectura/referencia] | backend/app/Http/Controllers/Transporte/ValeController.php:26 [lectura_modelo] | backend/app/Http/Controllers/Transporte/ValeController.php:65 [lectura_modelo] | backend/app/Http/Controllers/Transporte/ValeController.php:67 [escritura_modelo] | backend/app/Http/Controllers/Transporte/ValeController.php:102 [lectura_modelo] | backend/app/Http/Controllers/Transporte/ValeController.php:120 [lectura_modelo] | backend/app/Http/Controllers/Transporte/ValeController.php:108 [escritura_instancia_modelo] | backend/app/Http/Controllers/Transporte/ValeController.php:108 [escritura_instancia_modelo] | backend/app/Models/Transporte/ValeCombustible.php:11 [declaracion_modelo]"
dbo.trans_vehiculo,r,conservar_uso,Transportes,"lectura_modelo | lectura_join | lectura/referencia | escritura_modelo | escritura_instancia_modelo | relacion_modelo | declaracion_modelo",,,"backend/app/Http/Controllers/Transporte/PlanPreventivoController.php:152 [lectura_modelo] | backend/app/Http/Controllers/Transporte/ReporteTransporteController.php:28 [lectura_join] | backend/app/Http/Controllers/Transporte/ReporteTransporteController.php:151 [lectura_join] | backend/app/Http/Controllers/Transporte/ReporteTransporteController.php:276 [lectura_join] | backend/app/Http/Controllers/TransporteController.php:114 [lectura/referencia] | backend/app/Http/Controllers/TransporteController.php:151 [lectura/referencia] | backend/app/Http/Controllers/TransporteController.php:527 [lectura/referencia] | backend/app/Http/Controllers/TransporteController.php:49 [lectura_modelo] | backend/app/Http/Controllers/TransporteController.php:110 [escritura_modelo] | backend/app/Http/Controllers/TransporteController.php:127 [lectura_modelo] | backend/app/Http/Controllers/TransporteController.php:192 [lectura_modelo] | backend/app/Http/Controllers/TransporteController.php:146 [escritura_instancia_modelo] | backend/app/Http/Controllers/TransporteController.php:146 [escritura_instancia_modelo] | backend/app/Http/Controllers/TransporteController.php:146 [escritura_instancia_modelo] | backend/app/Models/Transporte/Mantenimiento.php:23 [relacion_modelo] | backend/app/Models/Transporte/PlanPreventivoCab.php:15 [relacion_modelo] | backend/app/Models/Transporte/SolicitudMov.php:33 [relacion_modelo] | backend/app/Models/Transporte/ValeCombustible.php:43 [relacion_modelo] | backend/app/Models/Transporte/Vehiculo.php:9 [declaracion_modelo]"
dbo.users,r,conservar_uso,Framework/autenticación,"relacion_modelo | lectura/escritura_framework",,,"backend/config/auth.php:71 [relacion_modelo] | backend/config/auth.php:1 [lectura/escritura_framework]"
dbo.vac_liquidacion_historico,r,conservar_uso,"Vacaciones | Talento Humano/administración/reportes","lectura/referencia | lectura_modelo | escritura_modelo | declaracion_modelo",,,"backend/app/Http/Controllers/LiquidacionVacController.php:270 [lectura/referencia] | backend/app/Http/Controllers/LiquidacionVacController.php:156 [lectura_modelo] | backend/app/Http/Controllers/LiquidacionVacController.php:256 [escritura_modelo] | backend/app/Http/Controllers/LiquidacionVacController.php:296 [lectura_modelo] | backend/app/Http/Controllers/ReporteVacacionesController.php:81 [lectura_modelo] | backend/app/Http/Controllers/ReportesController.php:484 [lectura/referencia] | backend/app/Models/LiquidacionHistorico.php:9 [declaracion_modelo]"
dbo.vac_periodo_planificacion,r,conservar_uso,Vacaciones,"lectura_modelo | escritura_modelo | escritura_instancia_modelo | declaracion_modelo",,,"backend/app/Http/Controllers/PeriodoPlanificacionController.php:13 [lectura_modelo] | backend/app/Http/Controllers/PeriodoPlanificacionController.php:21 [lectura_modelo] | backend/app/Http/Controllers/PeriodoPlanificacionController.php:38 [lectura_modelo] | backend/app/Http/Controllers/PeriodoPlanificacionController.php:48 [escritura_modelo] | backend/app/Http/Controllers/PeriodoPlanificacionController.php:68 [lectura_modelo] | backend/app/Http/Controllers/PeriodoPlanificacionController.php:72 [escritura_modelo] | backend/app/Http/Controllers/PeriodoPlanificacionController.php:85 [escritura_modelo] | backend/app/Http/Controllers/PeriodoPlanificacionController.php:77 [escritura_instancia_modelo] | backend/app/Http/Controllers/PeriodoPlanificacionController.php:77 [escritura_instancia_modelo] | backend/app/Http/Controllers/PeriodoPlanificacionController.php:77 [escritura_instancia_modelo] | backend/app/Http/Controllers/PlanificacionVacController.php:102 [lectura_modelo] | backend/app/Http/Controllers/PlanificacionVacController.php:171 [lectura_modelo] | backend/app/Models/PeriodoPlanificacion.php:9 [declaracion_modelo]"
dbo.vac_planificacion_cab,r,conservar_uso,"Talento Humano/administración/reportes | Vacaciones","lectura_join | lectura/referencia | lectura_modelo | escritura_modelo | escritura_instancia_modelo | declaracion_modelo",,,"backend/app/Http/Controllers/DashboardController.php:194 [lectura_join] | backend/app/Http/Controllers/DashboardController.php:261 [lectura_join] | backend/app/Http/Controllers/PlanificacionVacController.php:290 [lectura/referencia] | backend/app/Http/Controllers/PlanificacionVacController.php:355 [lectura/referencia] | backend/app/Http/Controllers/PlanificacionVacController.php:393 [lectura/referencia] | backend/app/Http/Controllers/PlanificacionVacController.php:427 [lectura/referencia] | backend/app/Http/Controllers/PlanificacionVacController.php:536 [lectura/referencia] | backend/app/Http/Controllers/PlanificacionVacController.php:110 [lectura_modelo] | backend/app/Http/Controllers/PlanificacionVacController.php:182 [lectura_modelo] | backend/app/Http/Controllers/PlanificacionVacController.php:243 [lectura_modelo] | backend/app/Http/Controllers/PlanificacionVacController.php:262 [escritura_modelo] | backend/app/Http/Controllers/PlanificacionVacController.php:307 [lectura_modelo] | backend/app/Http/Controllers/PlanificacionVacController.php:333 [lectura_modelo] | backend/app/Http/Controllers/PlanificacionVacController.php:370 [lectura_modelo] | backend/app/Http/Controllers/PlanificacionVacController.php:408 [lectura_modelo] | backend/app/Http/Controllers/PlanificacionVacController.php:444 [lectura_modelo] | backend/app/Http/Controllers/PlanificacionVacController.php:349 [escritura_instancia_modelo] | backend/app/Http/Controllers/PlanificacionVacController.php:386 [escritura_instancia_modelo] | backend/app/Http/Controllers/PlanificacionVacController.php:420 [escritura_instancia_modelo] | backend/app/Http/Controllers/PlanificacionVacController.php:528 [escritura_instancia_modelo] | backend/app/Http/Controllers/PlanificacionVacController.php:249 [escritura_instancia_modelo] | backend/app/Http/Controllers/PlanificacionVacController.php:349 [escritura_instancia_modelo] | backend/app/Http/Controllers/PlanificacionVacController.php:386 [escritura_instancia_modelo] | backend/app/Http/Controllers/PlanificacionVacController.php:420 [escritura_instancia_modelo] | backend/app/Http/Controllers/PlanificacionVacController.php:528 [escritura_instancia_modelo] | backend/app/Http/Controllers/PlanificacionVacController.php:349 [escritura_instancia_modelo] | backend/app/Http/Controllers/PlanificacionVacController.php:386 [escritura_instancia_modelo] | backend/app/Http/Controllers/PlanificacionVacController.php:420 [escritura_instancia_modelo] | backend/app/Http/Controllers/PlanificacionVacController.php:528 [escritura_instancia_modelo] | backend/app/Http/Controllers/PlanificacionVacController.php:349 [escritura_instancia_modelo] | backend/app/Http/Controllers/PlanificacionVacController.php:386 [escritura_instancia_modelo] | backend/app/Http/Controllers/PlanificacionVacController.php:420 [escritura_instancia_modelo] | backend/app/Http/Controllers/PlanificacionVacController.php:528 [escritura_instancia_modelo] | backend/app/Http/Controllers/PlanificacionVacController.php:349 [escritura_instancia_modelo] | backend/app/Http/Controllers/PlanificacionVacController.php:386 [escritura_instancia_modelo] | backend/app/Http/Controllers/PlanificacionVacController.php:420 [escritura_instancia_modelo] | backend/app/Http/Controllers/PlanificacionVacController.php:528 [escritura_instancia_modelo] | backend/app/Http/Controllers/ReportePlanificacionController.php:104 [lectura_modelo] | backend/app/Http/Controllers/ReportePlanificacionController.php:162 [lectura_modelo] | backend/app/Models/PlanificacionCab.php:9 [declaracion_modelo]"
dbo.vac_planificacion_det,r,conservar_uso,"Talento Humano/administración/reportes | Vacaciones","lectura/referencia | escritura_modelo | relacion_modelo | declaracion_modelo",dbo.vac_planificacion_cab,,"backend/app/Http/Controllers/DashboardController.php:193 [lectura/referencia] | backend/app/Http/Controllers/DashboardController.php:260 [lectura/referencia] | backend/app/Http/Controllers/PlanificacionVacController.php:259 [escritura_modelo] | backend/app/Http/Controllers/PlanificacionVacController.php:281 [escritura_modelo] | backend/app/Http/Controllers/PlanificacionVacController.php:512 [escritura_modelo] | backend/app/Http/Controllers/PlanificacionVacController.php:519 [escritura_modelo] | backend/app/Models/PlanificacionCab.php:26 [relacion_modelo] | backend/app/Models/PlanificacionDet.php:9 [declaracion_modelo]"
dbo.vac_reporte_planificacion,r,conservar_uso,Vacaciones,"lectura_modelo | escritura_modelo | declaracion_modelo",,,"backend/app/Http/Controllers/ReportePlanificacionController.php:147 [lectura_modelo] | backend/app/Http/Controllers/ReportePlanificacionController.php:229 [lectura_modelo] | backend/app/Http/Controllers/ReportePlanificacionController.php:252 [escritura_modelo] | backend/app/Http/Controllers/ReportePlanificacionController.php:269 [lectura_modelo] | backend/app/Models/ReportePlanificacion.php:9 [declaracion_modelo]"
dbo.view_areas,v,retirar,,,"dbo.ad_departamento | dbo.ad_permisos_area",,
dbo.view_asistencia,v,retirar,,,"dbo.ad_departamento | dbo.ad_empleado | dbo.sg_control_persona",,
dbo.view_atrasos,v,retirar,,,dbo.d2_cuadre_marcacion,,
dbo.view_empleado,v,retirar,,,"dbo.ad_departamento | dbo.ad_empleado",,
dbo.view_empleado_vacacion,v,retirar,,,"dbo.ad_departamento | dbo.ad_empleado | dbo.d2_cabecera_vacacion",,
dbo.view_faltas,v,retirar,,,"dbo.ad_empleado | dbo.reportefaltas",,
dbo.view_horas_extras,v,retirar,,,"dbo.ad_departamento | dbo.ad_empleado | dbo.d2_horas_extras",,
dbo.view_marcaciones,v,retirar,,,dbo.sg_control_persona,,
dbo.view_marcaciones_diarias,v,retirar,,,"dbo.ad_empleado | dbo.sg_control_persona",,
dbo.view_permisos_justificaciones,v,retirar,,,"dbo.ad_departamento | dbo.ad_empleado | dbo.d2_permiso | dbo.d2_razon",,
dbo.view_teletrabajo,v,retirar,,,"dbo.ad_empleado | dbo.web_autorizacion_teletrabajo",,
dbo.view_usuario_opciones,v,retirar,,,"dbo.ad_empleado | dbo.admin_opcion | dbo.admin_rol | dbo.admin_rol_opcion | dbo.admin_usuario_rol",,
dbo.view_vacaciones_solicitadas,v,retirar,,,"dbo.ad_departamento | dbo.ad_empleado | dbo.d2_permiso",,
dbo.web_actividad,r,retirar,,,dbo.ad_empleado,,
dbo.web_ad_empleado,r,retirar,,,,,
dbo.web_autorizacion_teletrabajo,r,retirar,,,dbo.ad_empleado,,
dbo.web_control_persona,r,retirar,,,dbo.ad_empleado,,
dbo.web_empleado_teletrabajo,r,retirar,,,dbo.ad_empleado,,
dbo.web_log_procesos,r,retirar,,,,,
public.cache,r,retirar,,,,,
public.cache_locks,r,retirar,,,,,
public.failed_jobs,r,retirar,,,,,
public.job_batches,r,retirar,,,,,
public.jobs,r,retirar,,,,,
public.migrations,r,historial_laravel,,,,,
public.password_reset_tokens,r,retirar,,,,,
public.personal_access_tokens,r,conservar_uso,"Talento Humano/administración/reportes | Framework/autenticación","declaracion_modelo | relacion_modelo",,,"backend/app/Models/PersonalAccessToken.php:9 [declaracion_modelo] | backend/app/Providers/AppServiceProvider.php:27 [relacion_modelo]"
public.sessions,r,retirar,,,,,
public.users,r,retirar,,,,,
